-- MySQL dump 10.13  Distrib 5.7.18, for Linux (x86_64)
--
-- Host: localhost    Database: sprintfy
-- ------------------------------------------------------
-- Server version	5.7.18

/*!40101 SET @OLD_CHARACTER_SET_CLIENT=@@CHARACTER_SET_CLIENT */;
/*!40101 SET @OLD_CHARACTER_SET_RESULTS=@@CHARACTER_SET_RESULTS */;
/*!40101 SET @OLD_COLLATION_CONNECTION=@@COLLATION_CONNECTION */;
/*!40101 SET NAMES utf8 */;
/*!40103 SET @OLD_TIME_ZONE=@@TIME_ZONE */;
/*!40103 SET TIME_ZONE='+00:00' */;
/*!40014 SET @OLD_UNIQUE_CHECKS=@@UNIQUE_CHECKS, UNIQUE_CHECKS=0 */;
/*!40014 SET @OLD_FOREIGN_KEY_CHECKS=@@FOREIGN_KEY_CHECKS, FOREIGN_KEY_CHECKS=0 */;
/*!40101 SET @OLD_SQL_MODE=@@SQL_MODE, SQL_MODE='NO_AUTO_VALUE_ON_ZERO' */;
/*!40111 SET @OLD_SQL_NOTES=@@SQL_NOTES, SQL_NOTES=0 */;

--
-- Table structure for table `ar_internal_metadata`
--

DROP TABLE IF EXISTS `ar_internal_metadata`;
/*!40101 SET @saved_cs_client     = @@character_set_client */;
/*!40101 SET character_set_client = utf8 */;
CREATE TABLE `ar_internal_metadata` (
  `key` varchar(255) NOT NULL,
  `value` varchar(255) DEFAULT NULL,
  `created_at` datetime NOT NULL,
  `updated_at` datetime NOT NULL,
  PRIMARY KEY (`key`)
) ENGINE=InnoDB DEFAULT CHARSET=utf8;
/*!40101 SET character_set_client = @saved_cs_client */;

--
-- Dumping data for table `ar_internal_metadata`
--

LOCK TABLES `ar_internal_metadata` WRITE;
/*!40000 ALTER TABLE `ar_internal_metadata` DISABLE KEYS */;
INSERT INTO `ar_internal_metadata` VALUES ('environment','production','2016-09-30 15:14:07','2016-09-30 15:14:07');
/*!40000 ALTER TABLE `ar_internal_metadata` ENABLE KEYS */;
UNLOCK TABLES;

--
-- Table structure for table `daily_meetings`
--

DROP TABLE IF EXISTS `daily_meetings`;
/*!40101 SET @saved_cs_client     = @@character_set_client */;
/*!40101 SET character_set_client = utf8 */;
CREATE TABLE `daily_meetings` (
  `id` int(11) NOT NULL AUTO_INCREMENT,
  `reason` varchar(255) DEFAULT NULL,
  `date` date DEFAULT NULL,
  `done` tinyint(1) DEFAULT NULL,
  `skip` tinyint(1) DEFAULT NULL,
  `squad_id` int(11) DEFAULT NULL,
  `sprint_id` int(11) DEFAULT NULL,
  `created_at` datetime NOT NULL,
  `updated_at` datetime NOT NULL,
  PRIMARY KEY (`id`),
  KEY `index_daily_meetings_on_squad_id` (`squad_id`),
  KEY `index_daily_meetings_on_sprint_id` (`sprint_id`),
  CONSTRAINT `fk_rails_8f97dcfc8c` FOREIGN KEY (`sprint_id`) REFERENCES `sprints` (`id`),
  CONSTRAINT `fk_rails_b4de7349db` FOREIGN KEY (`squad_id`) REFERENCES `squads` (`id`)
) ENGINE=InnoDB AUTO_INCREMENT=295 DEFAULT CHARSET=utf8;
/*!40101 SET character_set_client = @saved_cs_client */;

--
-- Dumping data for table `daily_meetings`
--

LOCK TABLES `daily_meetings` WRITE;
/*!40000 ALTER TABLE `daily_meetings` DISABLE KEYS */;
INSERT INTO `daily_meetings` VALUES (1,'','2016-11-07',1,0,2,37,'2016-11-18 13:57:35','2016-11-18 13:57:35'),(2,'','2016-11-08',1,0,2,37,'2016-11-18 13:57:37','2016-11-18 13:57:37'),(3,'','2016-11-09',1,0,2,37,'2016-11-18 13:57:39','2016-11-18 13:57:39'),(4,'','2016-11-10',1,0,2,37,'2016-11-18 13:57:40','2016-11-18 13:57:40'),(5,'','2016-11-11',1,0,2,37,'2016-11-18 13:57:43','2016-11-18 13:57:43'),(6,'','2016-11-14',1,0,2,37,'2016-11-18 13:57:44','2016-11-18 13:57:44'),(7,'','2016-11-15',1,0,2,37,'2016-11-18 13:57:45','2016-11-18 13:57:45'),(8,'','2016-11-16',1,0,2,37,'2016-11-18 13:57:46','2016-11-18 13:57:46'),(9,'Bailão teve reunião durante o DM e após isso a equipe esqueceu de realizar','2016-11-17',0,0,2,37,'2016-11-18 13:59:07','2016-11-18 13:59:07'),(10,'','2016-10-31',1,0,1,35,'2016-11-18 13:59:49','2016-11-18 13:59:49'),(11,'','2016-11-01',1,0,1,35,'2016-11-18 13:59:50','2016-11-18 13:59:50'),(12,'','2016-11-02',1,0,1,35,'2016-11-18 13:59:51','2016-11-18 13:59:51'),(13,'','2016-11-03',1,0,1,35,'2016-11-18 13:59:52','2016-11-18 13:59:52'),(14,'','2016-11-04',1,0,1,35,'2016-11-18 13:59:53','2016-11-18 13:59:53'),(15,'','2016-11-07',1,0,1,35,'2016-11-18 13:59:55','2016-11-18 13:59:55'),(16,'','2016-11-08',1,0,1,35,'2016-11-18 13:59:56','2016-11-18 13:59:56'),(17,'','2016-11-09',1,0,1,35,'2016-11-18 13:59:57','2016-11-18 13:59:57'),(18,'','2016-11-10',1,0,1,35,'2016-11-18 13:59:58','2016-11-18 13:59:58'),(19,'','2016-11-11',1,0,1,35,'2016-11-18 14:00:00','2016-11-18 14:00:00'),(20,'Apenas Diley estava na Dito','2016-11-14',0,0,1,35,'2016-11-18 14:00:11','2016-11-18 14:00:11'),(21,'','2016-11-16',1,0,1,38,'2016-11-18 18:18:06','2016-11-18 18:18:06'),(22,'','2016-11-17',1,0,1,38,'2016-11-18 18:18:08','2016-11-18 18:18:08'),(23,'','2016-11-18',1,0,1,38,'2016-11-18 18:18:11','2016-11-18 18:18:11'),(24,'','2016-10-24',1,0,2,36,'2016-11-18 19:14:29','2016-11-18 19:14:29'),(25,'','2016-10-25',1,0,2,36,'2016-11-18 19:14:30','2016-11-18 19:14:30'),(26,'','2016-10-26',1,0,2,36,'2016-11-18 19:14:31','2016-11-18 19:14:31'),(27,'','2016-10-27',1,0,2,36,'2016-11-18 19:14:32','2016-11-18 19:14:32'),(28,'','2016-10-28',1,0,2,36,'2016-11-18 19:14:34','2016-11-18 19:14:34'),(29,'','2016-10-31',1,0,2,36,'2016-11-18 19:14:35','2016-11-18 19:14:35'),(30,'','2016-11-01',1,0,2,36,'2016-11-18 19:14:36','2016-11-18 19:14:36'),(31,'','2016-11-02',1,0,2,36,'2016-11-18 19:14:37','2016-11-18 19:14:37'),(32,'','2016-11-03',1,0,2,36,'2016-11-18 19:14:39','2016-11-18 19:14:39'),(33,'','2016-11-04',1,0,2,36,'2016-11-18 19:14:40','2016-11-18 19:14:40'),(34,'','2016-11-18',1,0,2,37,'2016-11-21 14:12:33','2016-11-21 14:12:33'),(35,'','2016-11-21',1,0,1,38,'2016-11-21 17:16:19','2016-11-21 17:16:19'),(36,'','2016-11-22',1,0,1,38,'2016-11-22 17:13:20','2016-11-22 17:13:20'),(37,'','2016-11-22',1,0,2,39,'2016-11-23 17:19:27','2016-11-23 17:19:27'),(38,'','2016-11-23',1,0,2,39,'2016-11-23 17:19:29','2016-11-23 17:19:29'),(39,'','2016-11-21',0,1,2,39,'2016-11-23 17:19:33','2016-11-23 17:19:33'),(40,'','2016-11-24',1,0,2,39,'2016-11-24 19:29:07','2016-11-24 19:29:07'),(41,'Equipe teve alinhamento 1x1 no dia','2016-11-24',0,0,1,38,'2016-11-28 11:14:09','2016-11-28 11:14:09'),(42,'','2016-11-23',1,0,1,38,'2016-11-28 11:14:11','2016-11-28 11:14:11'),(43,'','2016-11-25',1,0,1,38,'2016-11-28 11:14:12','2016-11-28 11:14:12'),(44,'','2016-11-25',1,0,2,39,'2016-11-28 11:14:57','2016-11-28 11:14:57'),(45,'','2016-11-28',1,0,2,39,'2016-11-28 17:29:59','2016-11-28 17:29:59'),(46,'','2016-11-29',1,0,2,39,'2016-11-29 17:52:45','2016-11-29 17:52:45'),(47,'','2016-11-29',1,0,1,40,'2016-11-29 20:17:27','2016-11-29 20:17:27'),(48,'','2016-11-30',1,0,2,39,'2016-11-30 19:35:53','2016-11-30 19:35:53'),(49,'','2016-11-30',1,0,1,40,'2016-11-30 20:12:06','2016-11-30 20:12:06'),(50,'','2016-12-01',1,0,1,40,'2016-12-01 17:57:56','2016-12-01 17:57:56'),(51,'','2016-12-02',1,0,1,40,'2016-12-05 11:24:37','2016-12-05 11:24:37'),(52,'','2016-12-01',1,0,2,39,'2016-12-05 11:28:15','2016-12-05 11:28:15'),(53,'','2016-12-02',1,0,2,39,'2016-12-05 11:28:16','2016-12-05 11:28:16'),(54,'','2016-12-05',1,0,1,40,'2016-12-07 20:48:23','2016-12-07 20:48:23'),(55,'','2016-12-06',1,0,1,40,'2016-12-07 20:48:25','2016-12-07 20:48:25'),(56,'','2016-12-07',1,0,1,40,'2016-12-07 21:26:52','2016-12-07 21:26:52'),(57,'','2016-12-08',1,0,1,40,'2016-12-12 10:23:03','2016-12-12 10:23:03'),(58,'feriado','2016-12-09',0,0,1,40,'2016-12-12 10:23:08','2016-12-12 10:23:08'),(59,'','2016-12-14',1,0,2,41,'2016-12-14 17:54:50','2016-12-14 17:54:50'),(60,'','2016-12-13',1,0,2,41,'2016-12-14 17:54:51','2016-12-14 17:54:51'),(61,'Sprint iniciado somente no final do dia.','2016-12-09',0,0,2,41,'2016-12-14 17:55:24','2016-12-14 17:55:24'),(62,'','2016-12-12',1,0,2,41,'2016-12-14 17:55:25','2016-12-14 17:55:25'),(63,'','2016-12-12',0,1,1,42,'2016-12-14 20:51:30','2016-12-14 20:51:30'),(64,'','2016-12-13',1,0,1,42,'2016-12-14 20:51:33','2016-12-14 20:51:33'),(65,'','2016-12-14',1,0,1,42,'2016-12-14 20:51:34','2016-12-14 20:51:34'),(66,'','2016-12-15',1,0,1,42,'2016-12-16 13:08:14','2016-12-16 13:08:14'),(67,'','2016-12-16',1,0,1,42,'2016-12-19 11:08:49','2016-12-19 11:08:49'),(68,'','2016-12-15',1,0,2,41,'2016-12-19 14:38:46','2016-12-19 14:38:46'),(69,'','2016-12-16',1,0,2,41,'2016-12-19 14:38:51','2016-12-19 14:38:51'),(70,'','2016-12-20',0,1,2,43,'2016-12-20 18:35:10','2016-12-20 18:35:10'),(71,'','2016-12-19',1,0,1,42,'2016-12-21 09:49:45','2016-12-21 09:49:45'),(72,'','2016-12-20',1,0,1,42,'2016-12-21 09:49:47','2016-12-21 09:49:47'),(73,'','2016-12-21',1,0,1,42,'2016-12-22 09:52:29','2016-12-22 09:52:29'),(74,'','2016-12-22',1,0,1,42,'2016-12-26 10:16:24','2016-12-26 10:16:24'),(75,'Equipe focada na entrega e por isso acabou perdendo a hora do DM','2016-12-23',0,0,1,42,'2016-12-26 10:18:30','2016-12-26 10:18:30'),(76,'','2016-12-21',1,0,2,43,'2016-12-27 17:31:19','2016-12-27 17:31:19'),(77,'','2016-12-22',1,0,2,43,'2016-12-27 17:31:30','2016-12-27 17:31:30'),(78,'','2016-12-23',1,0,2,43,'2016-12-27 17:31:32','2016-12-27 17:31:32'),(79,'','2016-12-26',1,0,2,43,'2016-12-27 17:31:33','2016-12-27 17:31:33'),(80,'','2016-12-27',1,0,2,43,'2016-12-27 17:31:35','2016-12-27 17:31:35'),(81,'','2017-01-03',0,1,2,44,'2017-01-04 20:06:29','2017-01-04 20:06:29'),(82,'','2017-01-04',1,0,2,44,'2017-01-04 20:06:31','2017-01-04 20:06:31'),(83,'','2017-01-05',1,0,2,44,'2017-01-06 20:07:00','2017-01-06 20:07:00'),(84,'','2017-01-06',1,0,2,44,'2017-01-06 20:07:01','2017-01-06 20:07:01'),(85,'','2017-01-02',0,1,1,45,'2017-01-13 17:04:30','2017-01-13 17:04:30'),(86,'','2017-01-03',0,1,1,45,'2017-01-13 17:04:33','2017-01-13 17:04:33'),(87,'','2017-01-04',0,1,1,45,'2017-01-13 17:04:35','2017-01-13 17:04:35'),(88,'','2017-01-05',0,1,1,45,'2017-01-13 17:04:37','2017-01-13 17:04:37'),(89,'','2017-01-06',0,1,1,45,'2017-01-13 17:04:42','2017-01-13 17:04:42'),(90,'','2017-01-09',1,0,1,45,'2017-01-13 17:04:44','2017-01-13 17:04:44'),(91,'','2017-01-10',1,0,1,45,'2017-01-13 17:04:45','2017-01-13 17:04:45'),(92,'','2017-01-11',1,0,1,45,'2017-01-13 17:04:47','2017-01-13 17:04:47'),(93,'','2017-01-12',1,0,1,45,'2017-01-13 17:04:48','2017-01-13 17:04:48'),(94,'','2017-01-13',1,0,1,45,'2017-01-13 17:04:50','2017-01-13 17:04:50'),(95,'','2017-01-09',1,0,2,44,'2017-01-13 19:05:00','2017-01-13 19:05:00'),(96,'','2017-01-10',1,0,2,44,'2017-01-13 19:05:01','2017-01-13 19:05:01'),(97,'','2017-01-11',1,0,2,44,'2017-01-13 19:05:03','2017-01-13 19:05:03'),(98,'','2017-01-12',1,0,2,44,'2017-01-13 19:05:04','2017-01-13 19:05:04'),(99,'','2017-01-13',1,0,2,44,'2017-01-13 19:05:06','2017-01-13 19:05:06'),(100,'','2017-01-16',1,0,1,47,'2017-01-23 13:22:11','2017-01-23 13:22:11'),(101,'','2017-01-17',1,0,1,47,'2017-01-23 13:22:12','2017-01-23 13:22:12'),(102,'','2017-01-18',1,0,1,47,'2017-01-23 13:22:14','2017-01-23 13:22:14'),(103,'','2017-01-19',1,0,1,47,'2017-01-23 13:22:15','2017-01-23 13:22:15'),(104,'','2017-01-20',0,1,1,47,'2017-01-23 13:22:19','2017-01-23 13:22:19'),(105,'','2017-01-25',1,0,7,48,'2017-01-26 16:24:01','2017-01-26 16:24:01'),(106,'','2017-01-26',1,0,2,46,'2017-01-26 21:08:46','2017-01-26 21:08:46'),(107,'','2017-01-25',1,0,2,46,'2017-01-26 21:09:01','2017-01-26 21:09:01'),(108,'','2017-01-24',1,0,2,46,'2017-01-26 21:09:04','2017-01-26 21:09:04'),(109,'Tannus ficou em outras tarefas','2017-01-26',0,0,7,48,'2017-01-30 12:15:36','2017-01-30 12:15:36'),(110,'Tannus ficou em outras tarefas','2017-01-27',0,0,7,48,'2017-01-30 12:15:40','2017-01-30 12:15:40'),(111,'Tannus ficou em outras tarefas	\r\n','2017-01-30',0,0,7,48,'2017-02-02 10:42:58','2017-02-02 10:42:58'),(112,'','2017-01-31',1,0,7,48,'2017-02-02 10:43:00','2017-02-02 10:43:00'),(113,'','2017-02-01',1,0,7,48,'2017-02-02 10:43:02','2017-02-02 10:43:02'),(114,'','2017-01-31',1,0,1,50,'2017-02-02 10:44:19','2017-02-02 10:44:19'),(115,'','2017-02-01',1,0,1,50,'2017-02-02 10:44:20','2017-02-02 10:44:20'),(116,'','2017-02-01',1,0,2,49,'2017-02-02 18:26:46','2017-02-02 18:26:46'),(117,'','2017-02-03',1,0,7,48,'2017-02-06 17:09:54','2017-02-06 17:09:54'),(118,'Equipe esqueceu','2017-02-02',0,0,7,48,'2017-02-06 17:10:09','2017-02-06 17:10:09'),(119,'','2017-02-02',1,0,1,50,'2017-02-08 16:50:42','2017-02-08 16:50:42'),(120,'','2017-02-03',1,0,1,50,'2017-02-08 16:50:44','2017-02-08 16:50:44'),(121,'','2017-02-06',1,0,1,50,'2017-02-08 16:50:45','2017-02-08 16:50:45'),(122,'Equipe esqueceu do DM :(','2017-02-07',0,0,1,50,'2017-02-08 16:50:58','2017-02-08 16:50:58'),(123,'','2017-02-08',1,0,1,50,'2017-02-09 11:28:32','2017-02-09 11:28:32'),(124,'','2017-02-08',1,0,7,52,'2017-02-09 11:32:22','2017-02-09 11:32:22'),(125,'','2017-02-09',1,0,1,50,'2017-02-14 11:43:37','2017-02-14 11:43:37'),(126,'','2017-02-10',1,0,1,50,'2017-02-14 11:43:40','2017-02-14 11:43:40'),(127,'','2017-02-09',1,0,2,49,'2017-02-14 12:42:38','2017-02-14 12:42:38'),(128,'','2017-02-08',1,0,2,49,'2017-02-14 12:42:41','2017-02-14 12:42:41'),(129,'','2017-02-07',1,0,2,49,'2017-02-14 12:42:44','2017-02-14 12:42:44'),(130,'','2017-02-06',1,0,2,49,'2017-02-14 12:42:49','2017-02-14 12:42:49'),(131,'','2017-02-03',1,0,2,49,'2017-02-14 12:42:52','2017-02-14 12:42:52'),(132,'','2017-02-02',1,0,2,49,'2017-02-14 12:42:54','2017-02-14 12:42:54'),(133,'','2017-01-31',1,0,2,49,'2017-02-14 12:42:55','2017-02-14 12:42:55'),(134,'','2017-02-10',1,0,2,49,'2017-02-14 12:43:07','2017-02-14 12:43:07'),(135,'','2017-02-09',1,0,7,52,'2017-02-15 12:30:13','2017-02-15 12:30:13'),(136,'','2017-02-10',1,0,7,52,'2017-02-15 12:30:15','2017-02-15 12:30:15'),(137,'','2017-02-13',1,0,7,52,'2017-02-15 12:30:16','2017-02-15 12:30:16'),(138,'','2017-02-14',1,0,7,52,'2017-02-15 12:30:17','2017-02-15 12:30:17'),(139,'','2017-02-15',1,0,7,52,'2017-02-15 12:30:18','2017-02-15 12:30:18'),(140,'','2017-02-15',1,0,7,53,'2017-02-15 14:14:34','2017-02-15 14:14:34'),(141,'','2017-02-16',1,0,7,53,'2017-02-20 16:08:58','2017-02-20 16:08:58'),(142,'Diley ausente','2017-02-17',0,0,7,53,'2017-02-20 16:09:04','2017-02-20 16:09:04'),(143,'','2017-02-20',1,0,7,53,'2017-02-20 16:09:08','2017-02-20 16:09:08'),(144,'','2017-02-20',0,1,2,54,'2017-02-21 15:36:48','2017-02-21 15:36:48'),(145,'','2017-02-21',1,0,2,54,'2017-02-22 18:34:22','2017-02-22 18:34:22'),(146,'','2017-02-22',1,0,2,54,'2017-02-22 18:34:24','2017-02-22 18:34:24'),(147,'','2017-02-22',1,0,1,55,'2017-03-03 18:09:44','2017-03-03 18:09:44'),(148,'','2017-02-23',1,0,1,55,'2017-03-03 18:09:50','2017-03-03 18:09:50'),(149,'','2017-02-24',0,1,1,55,'2017-03-03 18:09:51','2017-03-03 18:09:51'),(150,'','2017-02-27',0,1,1,55,'2017-03-03 18:10:01','2017-03-03 18:10:01'),(151,'','2017-02-28',0,1,1,55,'2017-03-03 18:10:03','2017-03-03 18:10:03'),(152,'','2017-03-01',0,1,1,55,'2017-03-03 18:10:06','2017-03-03 18:10:06'),(153,'Equipe alinhou as demandas pelo Slack','2017-03-02',0,0,1,55,'2017-03-03 18:10:19','2017-03-03 18:10:19'),(154,'','2017-02-21',1,0,7,53,'2017-03-06 17:59:45','2017-03-06 17:59:45'),(155,'','2017-02-22',1,0,7,53,'2017-03-06 17:59:47','2017-03-06 17:59:47'),(156,'Equipe esqueceu do DM','2017-03-03',0,0,1,55,'2017-03-06 18:24:50','2017-03-06 18:24:50'),(157,'','2017-03-13',0,1,1,57,'2017-03-16 21:00:32','2017-03-16 21:00:32'),(158,'','2017-03-14',1,0,1,57,'2017-03-16 21:00:34','2017-03-16 21:00:34'),(159,'','2017-03-15',1,0,1,57,'2017-03-16 21:00:35','2017-03-16 21:00:35'),(160,'','2017-03-16',1,0,1,57,'2017-03-16 21:00:37','2017-03-16 21:00:37'),(161,'','2017-03-17',1,0,1,57,'2017-03-24 13:39:18','2017-03-24 13:39:18'),(162,'','2017-03-20',1,0,1,57,'2017-03-24 13:39:20','2017-03-24 13:39:20'),(163,'','2017-03-21',1,0,1,57,'2017-03-24 13:39:21','2017-03-24 13:39:21'),(164,'','2017-03-22',1,0,1,57,'2017-03-24 13:39:33','2017-03-24 13:39:33'),(165,'equipe esqueceu','2017-03-23',0,0,1,57,'2017-03-24 13:39:46','2017-03-24 13:39:46'),(166,'','2017-03-24',0,1,1,57,'2017-03-24 13:39:49','2017-03-24 13:39:49'),(167,'','2017-03-27',0,1,1,58,'2017-03-29 16:09:21','2017-03-29 16:09:21'),(168,'Equipe estava finalizando alinhamento dos tickets','2017-03-28',0,0,1,58,'2017-03-29 16:09:39','2017-03-29 16:09:39'),(169,'','2017-03-29',1,0,1,58,'2017-03-29 19:06:38','2017-03-29 19:06:38'),(170,'','2017-03-30',1,0,1,58,'2017-03-30 19:53:34','2017-03-30 19:53:34'),(171,'','2017-03-31',1,0,1,58,'2017-04-03 15:11:22','2017-04-03 15:11:22'),(172,'','2017-04-03',1,0,1,58,'2017-04-07 17:41:45','2017-04-07 17:41:45'),(173,'','2017-04-04',1,0,1,58,'2017-04-07 17:41:49','2017-04-07 17:41:49'),(174,'','2017-04-05',1,0,1,58,'2017-04-07 17:41:50','2017-04-07 17:41:50'),(175,'','2017-04-06',1,0,1,58,'2017-04-07 17:42:01','2017-04-07 17:42:01'),(176,'','2017-04-07',1,0,1,58,'2017-04-07 17:42:02','2017-04-07 17:42:02'),(177,'','2017-04-10',1,0,1,60,'2017-04-10 20:49:49','2017-04-10 20:49:49'),(178,'','2017-04-11',1,0,1,60,'2017-04-18 13:58:21','2017-04-18 13:58:21'),(179,'','2017-04-12',1,0,1,60,'2017-04-18 13:58:31','2017-04-18 13:58:31'),(180,'','2017-04-13',0,1,1,60,'2017-04-18 13:58:34','2017-04-18 13:58:34'),(181,'','2017-04-14',0,1,1,60,'2017-04-18 13:58:35','2017-04-18 13:58:35'),(182,'','2017-04-17',1,0,1,60,'2017-04-18 13:58:37','2017-04-18 13:58:37'),(183,'Equipe esqueceu','2017-04-18',0,0,1,60,'2017-04-24 17:21:07','2017-04-24 17:21:07'),(184,'','2017-04-19',1,0,1,60,'2017-04-24 17:21:08','2017-04-24 17:21:08'),(185,'','2017-04-20',1,0,1,60,'2017-04-24 17:21:09','2017-04-24 17:21:09'),(186,'','2017-04-21',1,0,1,60,'2017-04-24 17:21:11','2017-04-24 17:21:11'),(187,'','2017-04-24',0,1,1,62,'2017-04-26 18:15:13','2017-04-26 18:15:13'),(188,'','2017-04-25',1,0,1,62,'2017-04-26 18:15:14','2017-04-26 18:15:14'),(189,'','2017-04-26',1,0,1,62,'2017-04-28 16:18:36','2017-04-28 16:18:36'),(190,'','2017-04-27',1,0,1,62,'2017-04-28 16:18:38','2017-04-28 16:18:38'),(191,'','2017-05-01',0,1,1,62,'2017-05-02 12:10:00','2017-05-02 12:10:00'),(192,'','2017-04-28',0,1,1,62,'2017-05-02 12:10:03','2017-05-02 12:10:03'),(193,'','2017-05-02',0,0,1,62,'2017-05-04 14:51:30','2017-05-04 14:51:30'),(194,'','2017-05-03',1,0,1,62,'2017-05-04 14:51:31','2017-05-04 14:51:31'),(195,'','2017-05-05',1,0,1,62,'2017-05-08 13:09:52','2017-05-08 13:09:52'),(196,'','2017-05-04',0,0,1,62,'2017-05-08 13:09:55','2017-05-08 13:09:55'),(197,'','2017-05-08',0,1,1,62,'2017-05-08 18:03:26','2017-05-08 18:03:26'),(198,'','2017-05-09',0,1,1,65,'2017-05-11 16:20:22','2017-05-11 16:20:22'),(199,'Equipe estava focada em entregar importador','2017-05-10',0,0,1,65,'2017-05-11 16:20:38','2017-05-11 16:20:38'),(200,'','2017-05-11',1,0,1,65,'2017-05-11 20:42:29','2017-05-11 20:42:29'),(201,'','2017-05-12',1,0,1,65,'2017-05-15 12:54:34','2017-05-15 12:54:34'),(202,'','2017-05-15',1,0,1,65,'2017-05-18 17:31:26','2017-05-18 17:31:26'),(203,'','2017-05-16',1,0,1,65,'2017-05-18 17:31:30','2017-05-18 17:31:30'),(204,'','2017-05-17',1,0,1,65,'2017-05-18 17:31:31','2017-05-18 17:31:31'),(205,'','2017-05-18',1,0,1,65,'2017-05-22 14:52:06','2017-05-22 14:52:06'),(206,'','2017-05-19',1,0,1,65,'2017-05-22 14:52:08','2017-05-22 14:52:08'),(207,'','2017-05-22',1,0,1,65,'2017-05-23 17:26:06','2017-05-23 17:26:06'),(208,'','2017-05-24',1,0,1,68,'2017-05-29 20:14:00','2017-05-29 20:14:00'),(209,'','2017-05-25',1,0,1,68,'2017-05-29 20:14:01','2017-05-29 20:14:01'),(210,'','2017-05-26',1,0,1,68,'2017-05-29 20:14:02','2017-05-29 20:14:02'),(211,'','2017-05-29',1,0,1,68,'2017-05-29 20:14:04','2017-05-29 20:14:04'),(212,'','2017-05-30',1,0,1,68,'2017-06-05 15:17:55','2017-06-05 15:17:55'),(213,'','2017-05-31',1,0,1,68,'2017-06-05 15:17:56','2017-06-05 15:17:56'),(214,'','2017-06-01',1,0,1,68,'2017-06-05 15:17:57','2017-06-05 15:17:57'),(215,'','2017-06-02',1,0,1,68,'2017-06-05 15:17:58','2017-06-05 15:17:58'),(216,'','2017-06-05',0,1,1,69,'2017-06-06 15:02:13','2017-06-06 15:02:13'),(217,'Apenas Diley estava na Dito no horário do DM (15h)','2017-06-06',0,0,1,69,'2017-06-06 22:05:13','2017-06-06 22:05:13'),(218,'','2017-06-07',1,0,1,69,'2017-06-12 17:36:43','2017-06-12 17:36:43'),(219,'','2017-06-08',1,0,1,69,'2017-06-12 17:36:45','2017-06-12 17:36:45'),(220,'','2017-06-09',0,0,1,69,'2017-06-12 17:36:50','2017-06-12 17:36:50'),(221,'','2017-06-12',1,0,1,69,'2017-06-13 15:16:55','2017-06-13 15:16:55'),(222,'','2017-06-13',1,0,1,69,'2017-06-14 14:40:34','2017-06-14 14:40:34'),(223,'','2017-06-15',0,1,1,69,'2017-06-19 18:24:52','2017-06-19 18:24:52'),(224,'','2017-06-16',0,1,1,69,'2017-06-19 18:25:00','2017-06-19 18:25:00'),(225,'','2017-06-14',1,0,1,69,'2017-06-19 18:25:07','2017-06-19 18:25:07'),(226,'','2017-06-19',1,0,2,70,'2017-06-19 21:31:13','2017-06-19 21:31:13'),(227,'','2017-06-15',0,1,2,70,'2017-06-19 21:31:18','2017-06-19 21:31:18'),(228,'','2017-06-16',0,1,2,70,'2017-06-19 22:09:02','2017-06-19 22:09:02'),(229,'','2017-06-20',0,1,2,70,'2017-06-21 14:05:54','2017-06-21 14:05:54'),(230,'','2017-06-20',0,1,1,71,'2017-06-23 14:52:59','2017-06-23 14:52:59'),(231,'','2017-06-21',0,0,1,71,'2017-06-23 14:53:07','2017-06-23 14:53:07'),(232,'','2017-06-22',0,0,1,71,'2017-06-23 14:53:10','2017-06-23 14:53:10'),(233,'','2017-06-23',1,0,1,71,'2017-06-26 18:43:51','2017-06-26 18:43:51'),(234,'','2017-06-26',1,0,1,71,'2017-06-26 18:43:52','2017-06-26 18:43:52'),(235,'','2017-06-27',1,0,2,72,'2017-06-28 19:33:12','2017-06-28 19:33:12'),(236,'','2017-06-28',1,0,2,72,'2017-06-28 19:33:14','2017-06-28 19:33:14'),(237,'','2017-06-29',1,0,2,72,'2017-06-29 20:25:02','2017-06-29 20:25:02'),(238,'','2017-06-30',1,0,2,72,'2017-06-30 19:06:37','2017-06-30 19:06:37'),(239,'','2017-06-27',1,0,1,71,'2017-07-03 13:03:08','2017-07-03 13:03:08'),(240,'','2017-06-28',0,0,1,71,'2017-07-03 13:03:16','2017-07-03 13:03:16'),(241,'','2017-06-29',0,0,1,71,'2017-07-03 13:03:18','2017-07-03 13:03:18'),(242,'','2017-06-30',0,0,1,71,'2017-07-03 13:03:20','2017-07-03 13:03:20'),(243,'','2017-07-04',0,0,1,73,'2017-07-06 18:18:56','2017-07-06 18:18:56'),(244,'esquecemos','2017-07-05',0,0,1,73,'2017-07-06 18:19:04','2017-07-06 18:19:04'),(245,'','2017-07-06',1,0,1,73,'2017-07-06 18:19:06','2017-07-06 18:19:06'),(246,'esquecemos\r\n','2017-07-07',0,0,1,73,'2017-07-07 21:51:33','2017-07-07 21:51:33'),(247,'','2017-07-10',1,0,1,73,'2017-07-18 13:33:38','2017-07-18 13:33:38'),(248,'','2017-07-11',1,0,1,73,'2017-07-18 13:33:40','2017-07-18 13:33:40'),(249,'','2017-07-12',1,0,1,73,'2017-07-18 13:33:42','2017-07-18 13:33:42'),(250,'esquecemos','2017-07-17',0,0,1,73,'2017-07-18 13:33:52','2017-07-18 13:33:52'),(251,'','2017-07-13',1,0,1,73,'2017-07-18 13:33:54','2017-07-18 13:33:54'),(252,'','2017-07-14',1,0,1,73,'2017-07-18 13:33:56','2017-07-18 13:33:56'),(253,'','2017-07-18',0,1,1,75,'2017-07-19 17:54:25','2017-07-19 17:54:25'),(254,'','2017-07-19',1,0,1,75,'2017-07-20 21:15:09','2017-07-20 21:15:09'),(255,'','2017-07-20',1,0,1,75,'2017-07-20 21:15:12','2017-07-20 21:15:12'),(256,'','2017-07-25',1,0,1,75,'2017-07-26 17:43:11','2017-07-26 17:43:11'),(257,'esquecemos','2017-07-24',0,0,1,75,'2017-07-26 17:43:22','2017-07-26 17:43:22'),(258,'','2017-07-21',1,0,1,75,'2017-07-26 17:43:24','2017-07-26 17:43:24'),(259,'','2017-07-26',1,0,1,75,'2017-07-31 17:37:34','2017-07-31 17:37:34'),(260,'','2017-07-27',1,0,1,75,'2017-07-31 17:37:36','2017-07-31 17:37:36'),(261,'','2017-07-28',1,0,1,75,'2017-07-31 17:37:37','2017-07-31 17:37:37'),(262,'','2017-08-01',1,0,1,77,'2017-08-07 22:15:25','2017-08-07 22:15:25'),(263,'','2017-08-02',1,0,1,77,'2017-08-07 22:15:27','2017-08-07 22:15:27'),(264,'','2017-08-03',1,0,1,77,'2017-08-07 22:15:28','2017-08-07 22:15:28'),(265,'','2017-08-04',1,0,1,77,'2017-08-07 22:15:29','2017-08-07 22:15:29'),(266,'','2017-08-07',1,0,1,77,'2017-08-07 22:15:30','2017-08-07 22:15:30'),(267,'','2017-08-07',0,1,2,78,'2017-08-08 18:07:50','2017-08-08 18:07:50'),(268,'','2017-08-08',1,0,2,78,'2017-08-08 18:07:53','2017-08-08 18:07:53'),(269,'','2017-08-08',1,0,1,77,'2017-08-14 18:20:07','2017-08-14 18:20:07'),(270,'','2017-08-09',1,0,1,77,'2017-08-14 18:20:09','2017-08-14 18:20:09'),(271,'','2017-08-10',1,0,1,77,'2017-08-14 18:20:10','2017-08-14 18:20:10'),(272,'','2017-08-11',1,0,1,77,'2017-08-14 18:20:11','2017-08-14 18:20:11'),(273,'','2017-08-14',0,1,1,77,'2017-08-14 18:20:15','2017-08-14 18:20:15'),(274,'','2017-08-14',0,1,1,79,'2017-08-14 20:11:48','2017-08-14 20:11:48'),(275,'equipe estava em outras reuniões','2017-08-21',0,0,1,79,'2017-08-22 17:50:24','2017-08-22 17:50:24'),(276,'','2017-08-15',1,0,1,79,'2017-08-22 17:50:26','2017-08-22 17:50:26'),(277,'','2017-08-16',1,0,1,79,'2017-08-22 17:50:27','2017-08-22 17:50:27'),(278,'','2017-08-17',1,0,1,79,'2017-08-22 17:50:28','2017-08-22 17:50:28'),(279,'','2017-08-18',1,0,1,79,'2017-08-22 17:50:29','2017-08-22 17:50:29'),(280,'','2017-08-22',1,0,1,79,'2017-08-23 21:43:19','2017-08-23 21:43:19'),(281,'','2017-08-23',1,0,1,79,'2017-08-25 16:54:11','2017-08-25 16:54:11'),(282,'','2017-08-24',0,0,1,79,'2017-08-25 16:54:33','2017-08-25 16:54:33'),(283,'','2017-08-25',1,0,1,79,'2017-09-04 12:44:58','2017-09-04 12:44:58'),(284,'','2017-08-28',1,0,1,79,'2017-09-04 12:44:59','2017-09-04 12:44:59'),(285,'Diley não estava presente :(','2017-08-29',0,0,1,82,'2017-09-04 18:46:06','2017-09-04 18:46:06'),(286,'Diley não estava presente :(','2017-08-30',0,0,1,82,'2017-09-04 18:46:10','2017-09-04 18:46:10'),(287,'Diley não estava presente :(','2017-08-31',0,0,1,82,'2017-09-04 18:46:13','2017-09-04 18:46:13'),(288,'Diley não estava presente :(','2017-09-01',0,0,1,82,'2017-09-04 18:46:17','2017-09-04 18:46:17'),(289,'','2017-09-04',1,0,1,82,'2017-09-04 18:52:59','2017-09-04 18:52:59'),(290,'','2017-09-05',1,0,1,82,'2017-09-05 21:18:45','2017-09-05 21:18:45'),(291,'','2017-09-07',0,0,1,82,'2017-09-11 18:16:58','2017-09-11 18:16:58'),(292,'','2017-09-06',1,0,1,82,'2017-09-11 18:17:01','2017-09-11 18:17:01'),(293,'','2017-09-08',0,1,1,82,'2017-09-11 18:17:05','2017-09-11 18:17:05'),(294,'','2017-09-11',0,1,1,82,'2017-09-11 18:17:10','2017-09-11 18:17:10');
/*!40000 ALTER TABLE `daily_meetings` ENABLE KEYS */;
UNLOCK TABLES;

--
-- Table structure for table `goals`
--

DROP TABLE IF EXISTS `goals`;
/*!40101 SET @saved_cs_client     = @@character_set_client */;
/*!40101 SET character_set_client = utf8 */;
CREATE TABLE `goals` (
  `id` int(11) NOT NULL AUTO_INCREMENT,
  `description` text,
  `completed` tinyint(1) DEFAULT '0',
  `created_at` datetime NOT NULL,
  `updated_at` datetime NOT NULL,
  `sprint_id` int(11) DEFAULT NULL,
  PRIMARY KEY (`id`),
  KEY `index_goals_on_sprint_id` (`sprint_id`),
  CONSTRAINT `fk_rails_57af1bfdd6` FOREIGN KEY (`sprint_id`) REFERENCES `sprints` (`id`)
) ENGINE=InnoDB AUTO_INCREMENT=338 DEFAULT CHARSET=utf8;
/*!40101 SET character_set_client = @saved_cs_client */;

--
-- Dumping data for table `goals`
--

LOCK TABLES `goals` WRITE;
/*!40000 ALTER TABLE `goals` DISABLE KEYS */;
INSERT INTO `goals` VALUES (9,'Quick win: Links mais clicados das notificações',1,'2016-10-03 14:42:58','2016-10-03 14:44:39',1),(10,'Quick win: Permitir que o cliente veja as pessoas que converteram, que abriram, que clicaram, etc.',0,'2016-10-03 14:43:06','2016-10-03 14:43:06',1),(11,'Quick win: Substituir variáveis nas notificações de teste',1,'2016-10-03 14:43:13','2016-10-03 14:44:47',1),(12,'Quick win: Informar cliente que uma notificação foi modificada enquanto ela é criada/editada',1,'2016-10-03 14:43:20','2016-10-03 14:44:49',1),(13,'Quick win: Tagear automaticamente os e-mails sem UTM com UTM padrão da Dito',0,'2016-10-03 14:43:27','2016-10-03 14:43:27',1),(14,'Estudar e rodar Ab/Test manual',0,'2016-10-03 14:47:33','2016-10-03 14:47:33',2),(15,'Taguear utm padrão da dito',1,'2016-10-03 14:47:37','2016-10-03 14:48:04',2),(16,'Exibir usuários que convertereram',1,'2016-10-03 14:47:42','2016-10-03 14:48:06',2),(17,'Otimizar fluxo de envio de notificações',1,'2016-10-03 14:47:48','2016-10-03 14:48:08',2),(18,'Gerar primeiro influenciômetro',1,'2016-10-03 14:47:54','2016-10-03 14:48:11',2),(19,'Exportar resultados por CSV',1,'2016-10-03 14:47:59','2016-10-03 14:48:13',2),(20,'Estudo da régua de relacionamento',0,'2016-10-03 14:50:28','2016-10-03 14:50:28',3),(21,'Consolidado das notificações',0,'2016-10-03 14:50:32','2016-10-03 14:50:32',3),(22,'Remoção da aba log',0,'2016-10-03 14:50:38','2016-10-03 14:50:38',3),(23,'0 downtime deploy',1,'2016-10-03 14:50:43','2016-10-03 14:50:47',3),(24,'Melhoria na velocidade de entrega das notificações (Bulk)',0,'2016-10-03 14:53:38','2016-10-03 14:53:38',4),(25,'Quick win: Filtro de datas na lista de notificações',0,'2016-10-03 14:53:46','2016-10-03 14:53:46',4),(26,'Estudo Régua de relacionamento',0,'2016-10-03 14:53:52','2016-10-03 14:53:52',4),(27,'Overview de resultados com filtro por período',1,'2016-10-03 14:56:43','2016-10-03 14:57:16',5),(28,'Otimização notificações',1,'2016-10-03 14:56:49','2016-10-03 14:57:18',5),(29,'Régua de relacionamento',0,'2016-10-03 14:56:54','2016-10-03 14:56:54',5),(30,'Influenciômetro 3.0',1,'2016-10-03 14:56:59','2016-10-03 14:57:21',5),(31,'Consolidar dados por app',0,'2016-10-03 14:57:04','2016-10-03 14:57:04',5),(32,'Quick win: Preview de notificações',1,'2016-10-03 14:57:10','2016-10-03 14:57:25',5),(33,'Criar Scheduler Service',1,'2016-10-03 15:03:03','2016-10-03 15:03:11',8),(34,'Bloquear disparo duplicado de notificações',1,'2016-10-03 15:03:10','2016-10-03 15:03:14',8),(35,'Arrumar estatísticas mobile',1,'2016-10-03 15:03:17','2016-10-03 15:03:19',8),(36,'Consolidado de notificações',0,'2016-10-03 15:05:14','2016-10-03 15:05:14',9),(37,'Entregar Hooks Service',0,'2016-10-03 15:05:21','2016-10-03 15:05:21',9),(38,'Adicionar eventos de Webhook no Kinesis principal',1,'2016-10-03 15:05:26','2016-10-03 15:05:31',9),(39,'Agendamento de notificações via Scheduler Service',1,'2016-10-03 15:05:33','2016-10-03 15:05:37',9),(40,'Data no formato brasileiro na exportação de notificações',1,'2016-10-03 15:05:41','2016-10-03 15:05:44',9),(41,'Entregar Hooks Service',1,'2016-10-03 15:07:14','2016-10-03 15:07:31',10),(42,'Entregar Notification Stats Service',0,'2016-10-03 15:07:21','2016-10-03 15:07:21',10),(43,'Entregar Event Service',0,'2016-10-03 15:07:28','2016-10-03 15:07:28',10),(44,'Entregar Notification Stats Service',0,'2016-10-03 15:09:16','2016-10-03 15:09:16',11),(45,'Entregar Notification Stats Service',1,'2016-10-03 15:10:16','2016-10-03 15:10:28',12),(46,'Feedback pro usuário durante o disparo da notificação e coleta de estatísticas',1,'2016-10-03 15:10:21','2016-10-03 15:10:30',12),(47,'Recuperar eventos perdidos de webhook',1,'2016-10-03 15:10:26','2016-10-03 15:10:32',12),(48,'Estabilizar Redis',1,'2016-10-04 15:12:13','2016-10-04 15:12:14',13),(49,'Melhorar tempo de processamento das estatísticas',1,'2016-10-04 15:12:25','2016-10-04 15:12:37',13),(50,'Entregar Régua de Relacionamento em Beta',1,'2016-10-04 15:14:01','2016-10-04 15:14:10',14),(51,'Suporte',1,'2016-10-04 15:14:08','2016-10-04 15:14:11',14),(52,'Estabilizar envio de notificação',1,'2016-10-04 15:15:19','2016-10-04 15:15:22',15),(53,'Criar fluxo para cadastrar eventos referentes a notificações',1,'2016-10-04 15:16:25','2016-10-04 15:17:01',16),(54,'Separar Redis que realiza controle de envio do Redis do Resque',1,'2016-10-04 15:16:30','2016-10-04 15:17:02',16),(55,'Corrigir bug quando a notificação é criada após a 21h',1,'2016-10-04 15:16:35','2016-10-04 15:17:04',16),(56,'Corrigir erros de timeout do Redis identificados através do newrelic',1,'2016-10-04 15:16:42','2016-10-04 15:17:06',16),(57,'Entregar agrupamento de régua',0,'2016-10-04 15:16:55','2016-10-04 15:16:55',16),(58,'Arrumar erros levantados no fluxo de envio de notificação',1,'2016-10-04 15:20:14','2016-10-04 15:20:58',17),(59,'Adicionar monitoramento na nova infra',1,'2016-10-04 15:20:20','2016-10-04 15:21:01',17),(60,'Envio de notificações via SMTP',0,'2016-10-04 15:20:25','2016-10-04 15:20:25',17),(61,'Travar opção de ativar notificação pra um dia que já está no passado',1,'2016-10-04 15:20:30','2016-10-04 15:20:55',17),(62,'Filtrar notificação por Tags',0,'2016-10-04 15:20:36','2016-10-04 15:20:36',17),(63,'Criar segmento padrão',0,'2016-10-04 15:20:41','2016-10-04 15:20:41',17),(64,'Entregar notification service',1,'2016-10-04 15:20:47','2016-10-04 15:20:52',17),(65,'Stream de dados',0,'2016-10-04 15:28:23','2016-10-04 15:28:23',18),(66,'Serviço com GRPC',0,'2016-10-04 15:28:27','2016-10-04 15:28:27',18),(67,'Entregar Streaming de dados',0,'2016-10-04 15:41:38','2016-10-04 15:41:38',19),(68,'Quick win: Logar usuário do e-mail recebido',0,'2016-10-04 15:41:43','2016-10-04 15:41:43',19),(70,'Subir todos os eventos da Dito (~400 milhões) para nosso banco de dados Big Data. Dessa forma poderemos tirar informações valiosas sobre o comportamento dos clientes dos nosso clientes.',1,'2016-10-04 15:44:19','2016-10-04 15:45:52',20),(71,'Estabilizar o consolidado',0,'2016-10-04 15:44:28','2016-10-04 15:44:28',20),(72,'Adicionar a opção de filtro por user-agent',1,'2016-10-04 15:44:34','2016-10-04 15:45:55',20),(73,'Mostrar na tela de perfil do usuário e ao vivo o ambiente (app IOS, app Android, Mobile, Browser)',1,'2016-10-04 15:44:39','2016-10-04 15:45:57',20),(74,'Nova tela de perfil',1,'2016-10-04 15:44:45','2016-10-04 15:46:01',20),(75,'Tela de receita automaticamente atualizada',1,'2016-10-04 15:48:04','2016-10-04 15:48:35',21),(76,'Tela de audiência automaticamente atualizada',1,'2016-10-04 15:48:09','2016-10-04 15:48:36',21),(77,'Tela de eventos automaticamente atualizada',1,'2016-10-04 15:48:16','2016-10-04 15:48:38',21),(78,'Responder hipótese do horário de envio',1,'2016-10-04 15:48:21','2016-10-04 15:48:40',21),(79,'Responder hipótese da retenção',1,'2016-10-04 15:48:26','2016-10-04 15:48:43',21),(80,'Relatório final da hipótese de carrinho',1,'2016-10-04 15:48:32','2016-10-04 15:48:45',21),(81,'Suportar queries grandes (ex MRV)',1,'2016-10-04 15:51:51','2016-10-04 15:52:13',22),(82,'Robô para conferência dos dados das telas de consolidado (Receita, Eventos e Audiência)',1,'2016-10-04 15:51:59','2016-10-04 15:52:15',22),(83,'Capacidade de recuperação dos dados da Dito em caso de problemas',0,'2016-10-04 15:52:05','2016-10-04 15:52:05',22),(84,'Entregar o AppsService: controle centralizado dos aplicativos da Dito',0,'2016-10-04 15:54:21','2016-10-04 15:54:21',23),(85,'Benchmark ES: medições e estimativas para o novo serviço de busca da Dito',1,'2016-10-04 15:54:26','2016-10-04 15:54:46',23),(86,'Entregar o AppsService: controle centralizado dos aplicativos da Dito',0,'2016-10-04 15:56:54','2016-10-04 15:56:54',24),(87,'Integração da plataforma com o stream de dados',1,'2016-10-04 15:57:01','2016-10-04 15:57:24',24),(88,'Indexação do ES a partir do stream',1,'2016-10-04 15:57:07','2016-10-04 15:57:26',24),(89,'Automação do Retençômetro',1,'2016-10-04 15:57:15','2016-10-04 15:57:28',24),(90,'Cohort do André',0,'2016-10-04 15:57:20','2016-10-04 15:57:20',24),(91,'Integração da plataforma com o stream de dados',0,'2016-10-04 16:00:00','2016-10-04 16:00:00',25),(92,'Indexação do ES a partir do stream',0,'2016-10-04 16:00:05','2016-10-04 16:00:05',25),(93,'Gem do SearchService com as queries',0,'2016-10-04 16:00:10','2016-10-04 16:00:10',25),(94,'Alertas para dados zerados nas telas de Audiencia e Receita',1,'2016-10-04 16:00:18','2016-10-04 16:00:32',25),(95,'Integração da plataforma com o stream de dados',1,'2016-10-04 16:02:20','2016-10-04 16:02:39',26),(96,'Indexação do ES a partir do stream',0,'2016-10-04 16:02:25','2016-10-04 16:02:25',26),(97,'Gem do SearchService com as queries',1,'2016-10-04 16:02:30','2016-10-04 16:02:43',26),(98,'Blacklist de usuários automática',1,'2016-10-04 16:02:35','2016-10-04 16:02:45',26),(99,'Integrar novo ES com o stream',1,'2016-10-04 16:04:49','2016-10-04 16:05:19',27),(100,'Search Service fazendo todas as queries de segmento e impacto',1,'2016-10-04 16:04:55','2016-10-04 16:05:21',27),(101,'Dashboard alpha apontando pro novo ES',1,'2016-10-04 16:05:00','2016-10-04 16:05:23',27),(102,'Migração de apps pequenos para o novo ES em beta',1,'2016-10-04 16:05:06','2016-10-04 16:05:25',27),(103,'Continuar os testes da nova infra no ambiente Alpha',1,'2016-10-04 16:07:51','2016-10-04 16:07:53',28),(104,'Migrar tokens/devices [Equipe de Dados]',1,'2016-10-04 16:09:01','2016-10-04 16:09:25',29),(105,'Migrar usuários [Equipe de Dados]',1,'2016-10-04 16:09:07','2016-10-04 16:09:27',29),(106,'Migrar parte dos eventos [Equipe de Dados]',1,'2016-10-04 16:09:11','2016-10-04 16:09:29',29),(107,'Ligar subscriber no novo ES [Equipe de Dados]',1,'2016-10-04 16:09:18','2016-10-04 16:09:30',29),(108,'Integraçao de notificações (Email/SMS) [Equipe de Dados]',1,'2016-10-04 16:09:24','2016-10-04 16:09:32',29),(109,'Migrar todos os eventos',1,'2016-10-04 16:11:41','2016-10-04 16:12:30',30),(110,'Exportação de segmentos',1,'2016-10-04 16:11:46','2016-10-04 16:12:31',30),(111,'Notificações Facebook e Mobile',1,'2016-10-04 16:11:51','2016-10-04 16:12:33',30),(112,'Notificações Real-time',1,'2016-10-04 16:11:55','2016-10-04 16:12:36',30),(113,'Planejamento de trabalho de consultoria Data Science',1,'2016-10-04 16:12:01','2016-10-04 16:12:38',30),(114,'Caracterização dos dados voltado para retenção',1,'2016-10-04 16:12:06','2016-10-04 16:12:40',30),(115,'Enviar notificações de teste',1,'2016-10-04 16:12:11','2016-10-04 16:12:42',30),(116,'Configurar um ambiente de alpha mais estável',1,'2016-10-04 16:14:28','2016-10-04 16:14:30',31),(117,'Validação das queries de segmento',0,'2016-10-04 16:14:35','2016-10-04 16:14:35',31),(118,'Chavear pelo menos 1 app pra nova infra',0,'2016-10-04 16:14:39','2016-10-04 16:14:39',31),(119,'Fazer novo cálculo de conversões e receita influenciada',0,'2016-10-04 16:14:43','2016-10-04 16:14:43',31),(120,'Rodar o retroativo para garantir que os usuários estão marcados com os ids das notificações que ele converteu',0,'2016-10-04 16:14:49','2016-10-04 16:14:49',31),(121,'Sugerir otimizações para apps lentos no novo ES',1,'2016-10-04 16:15:00','2016-10-04 16:15:04',31),(122,'Validação das queries de segmento',1,'2016-10-04 16:16:35','2016-10-04 16:16:55',32),(123,'Chavear pelo menos 1 app pra nova infra',1,'2016-10-04 16:16:40','2016-10-04 16:16:57',32),(124,'Fazer novo cálculo de conversões e receita influenciada',1,'2016-10-04 16:16:46','2016-10-04 16:16:58',32),(125,'Rodar o retroativo para garantir que os usuários estão marcados com os ids das notificações que ele converteu',1,'2016-10-04 16:16:51','2016-10-04 16:17:00',32),(126,'Criar segmento padrão',0,'2016-10-19 13:02:13','2016-10-19 13:02:13',34),(127,'Correção de bugs',1,'2016-10-19 13:02:23','2016-10-24 12:02:59',34),(128,'Monitoramento no Hooks',1,'2016-10-19 13:02:35','2016-10-27 17:49:26',34),(129,'Alterar forma como realizamos controle de duplicado no Redis',1,'2016-10-19 13:02:55','2016-10-27 17:24:34',34),(130,'Trocar HTTParty pelo Typhoeus',1,'2016-10-19 13:03:29','2016-10-27 18:09:26',34),(131,'Migrar 100% dos apps para a nova infra',1,'2016-10-19 20:12:10','2016-10-19 20:19:22',33),(132,'Listar processos operacionais de TI a serem documentados',1,'2016-10-19 20:19:19','2016-10-19 20:19:27',33),(133,'Aumentar throughout do envio de notificação',1,'2016-10-31 13:46:58','2016-11-04 17:11:02',35),(134,'Enviar notificações em bulk',1,'2016-10-31 13:47:09','2016-11-11 17:09:46',35),(135,'Colher feedback dos clientes sobre as telas do dashboard',1,'2016-10-31 13:47:34','2016-11-04 17:11:05',35),(136,'Implementar ao menos 1 cache da tela de notificações',1,'2016-10-31 13:47:58','2016-11-11 17:09:49',35),(137,'Criar alerta para criação / atualização de notificações',1,'2016-10-31 13:48:12','2016-11-16 14:31:44',35),(138,'Gerar relatórios dos sprints anteriores',1,'2016-10-31 13:48:37','2016-11-04 17:11:13',35),(139,'Criar monitoramento \"ao vivo\" da colheta de estatística',1,'2016-10-31 13:48:55','2016-11-08 19:58:57',35),(140,'Resolver problemas relacionados à Araújo',1,'2016-10-31 17:48:00','2016-10-31 17:56:51',36),(141,'Estudo, benchmark e definição da solução Autocomplete Service',1,'2016-10-31 17:49:28','2016-10-31 17:56:50',36),(142,'Configurar ambiente de staging para funcionar com a nova infra',1,'2016-10-31 17:56:42','2016-10-31 17:56:48',36),(143,'Versão 1 da Docs TI',1,'2016-11-07 20:47:15','2016-11-14 20:46:00',37),(144,'Autocomplete Service em Homologação',1,'2016-11-07 20:48:15','2016-11-18 01:18:33',37),(145,'Monitoramento no mongo do Notification Stats Service',1,'2016-11-16 18:03:06','2016-11-21 12:01:05',38),(146,'Aumentar velocidade de coleta das estatísticas',0,'2016-11-16 18:03:21','2016-11-16 18:03:21',38),(147,'Relatório e controle de DM pelo Sprintfy',1,'2016-11-16 18:03:40','2016-11-18 18:18:30',38),(148,'Adicionar monitoramento no Notifications Service',1,'2016-11-16 18:04:18','2016-11-18 18:18:28',38),(149,'Adicionar cache no Last Click do google',1,'2016-11-16 18:04:39','2016-11-21 12:01:13',38),(150,'Subir régua para 4 clientes',1,'2016-11-16 18:04:57','2016-11-21 17:02:26',38),(151,'Adicionar datepicker na segmentação',1,'2016-11-16 18:05:22','2016-11-25 19:08:22',38),(152,'Arrumar lentidão do WebhookEvent',1,'2016-11-16 18:08:24','2016-11-17 17:07:14',38),(153,'Autocomplete Service em Produção',1,'2016-11-21 17:22:31','2016-11-25 18:56:06',39),(154,'Migrar 100% Kubernetes Google',1,'2016-11-21 17:29:44','2016-12-01 22:55:10',39),(155,'Diagnosticar problema da ordenação em Segmentos',1,'2016-11-21 17:52:25','2016-11-22 19:17:22',39),(156,'Ordenação na tela de pessoas',1,'2016-11-22 21:30:36','2016-11-30 16:33:04',39),(157,'Desligar máquinas do ES antigo',1,'2016-11-22 21:31:43','2016-12-02 20:15:48',39),(158,'Migrar todos pods para Google',1,'2016-11-30 20:12:19','2016-12-05 10:15:46',40),(159,'Subir novo stats service para ter uma estatítica mais real time',1,'2016-11-30 20:12:33','2016-12-01 16:29:13',40),(160,'Correção de bugs',1,'2016-11-30 20:12:43','2016-12-08 18:35:14',40),(161,'Gerar relatório sobre black friday',1,'2016-11-30 20:13:10','2016-11-30 20:15:37',40),(162,'Reduzir número de requisições na tela inicial do dashboard para que ela carregue mais rápido',1,'2016-11-30 20:13:50','2016-12-08 18:35:16',40),(163,'Aprovar 2 quick wins',1,'2016-11-30 20:14:35','2016-12-06 12:22:21',40),(164,'Adicionar mensagem de visualizar template no perfil do usuário',1,'2016-11-30 20:15:32','2016-12-09 10:04:44',40),(165,'Migrar batman e robin para máquinas físicas',0,'2016-12-09 16:14:22','2016-12-09 16:14:22',41),(166,'Criar KPI de perda de eventos',1,'2016-12-09 16:14:51','2016-12-13 19:45:40',41),(167,'Planejar e estimar projeto de integração Kinesis <> BigQuery',1,'2016-12-09 16:15:48','2016-12-16 22:27:59',41),(168,'Enviar eventos de estatísticas direto para o Kinesis (sem usar o hooks)',1,'2016-12-14 20:45:24','2016-12-20 19:39:16',42),(169,'Arrumar bug ao mostrar last click',1,'2016-12-14 20:45:43','2016-12-19 11:59:19',42),(170,'Investigar porque estamos duplicando alguns poucos disparos',1,'2016-12-14 20:46:10','2016-12-14 20:46:21',42),(171,'Voltar cache no index',1,'2016-12-14 20:46:19','2016-12-14 20:46:24',42),(172,'Adicionar cache no index de segmentos',1,'2016-12-14 20:46:47','2016-12-19 12:00:23',42),(173,'Começar a coletar os dados para termos os KPIs de produto',1,'2016-12-14 20:48:10','2016-12-22 17:56:01',42),(174,'Subir para beta a funcionalidade de enviar notificações via evento',1,'2016-12-14 20:48:40','2016-12-26 09:43:34',42),(175,'Criar relatórios das primeiras cargas da TF',1,'2016-12-20 18:32:16','2016-12-27 17:30:05',43),(176,'Criar script customizado de track do E-commerce da TF',0,'2016-12-20 18:33:03','2016-12-20 18:33:03',43),(177,'Integrar script de track do E-commerce da TF',1,'2017-01-04 19:04:06','2017-01-04 19:06:13',44),(178,'Realizar importação retroativa da base offline da TF',1,'2017-01-04 19:04:49','2017-01-11 17:51:59',44),(179,'Gerar relatório de receitas da Outer via Integration Services',1,'2017-01-04 19:05:54','2017-01-13 18:23:12',44),(180,'Habilitar SMS para IR',1,'2017-01-11 13:03:37','2017-01-11 13:07:47',45),(181,'Calendário de notificações',1,'2017-01-11 13:03:51','2017-01-13 17:03:46',45),(182,'Subir layout padrão de descadastro',0,'2017-01-11 13:04:10','2017-01-11 13:04:10',45),(183,'Bloquear tentativa de rodar script malicioso',1,'2017-01-11 13:04:28','2017-01-11 13:07:51',45),(184,'Remover 3 servidores de workers (w1, w4 e rorschach)',1,'2017-01-11 13:07:22','2017-01-12 15:34:45',45),(185,'Adicionar 1 shard ao Kinesis do hooks',1,'2017-01-11 13:07:45','2017-01-12 18:06:23',45),(186,'Subir dados da Outer para Dito',1,'2017-01-18 21:26:13','2017-01-25 20:54:19',46),(187,'Subir dados da Milli pra Dito',0,'2017-01-18 21:27:14','2017-01-18 21:27:14',46),(188,'Tracking da Track&Field em Produção',1,'2017-01-18 21:27:34','2017-01-27 19:10:07',46),(189,'Tratar erros do Android para que a gente pare de marcar tokens como bounce',1,'2017-01-23 13:23:04','2017-01-26 18:38:23',47),(190,'Aprovar escopo do relatório semanal para o cliente',1,'2017-01-23 13:23:49','2017-01-30 11:27:31',47),(191,'Aprovar os primeiros KPIs a serem monitorados',0,'2017-01-23 13:24:00','2017-01-23 13:24:00',47),(192,'Criar formulário na tela do descadastro de e-mail para que a gente consiga entender o motivo do usuário querer parar de receber os e-mails',1,'2017-01-23 13:24:59','2017-01-26 18:38:27',47),(193,'Coletar dados do Mobile',1,'2017-01-26 16:23:08','2017-02-06 17:09:43',48),(194,'Exibir usuários e notificações no Overview',1,'2017-01-26 16:23:20','2017-02-06 17:09:41',48),(195,'Subir dados da Milli pra Dito',1,'2017-01-31 18:10:38','2017-02-02 19:53:25',49),(196,'Subir base de usuários do E-commerce da T&F',1,'2017-01-31 18:10:59','2017-02-06 17:09:10',49),(197,'Subir base de usuários do SportPass da T&F',1,'2017-01-31 18:11:13','2017-02-06 17:09:19',49),(198,'Higienização de base de emails - v1',1,'2017-01-31 18:11:33','2017-02-14 12:42:26',49),(199,'ETL de importação para Vtex',0,'2017-01-31 18:12:20','2017-01-31 18:12:20',49),(200,'Primeira versão do relatório para clientes',0,'2017-02-02 10:44:12','2017-02-02 10:44:12',50),(201,'Enviar novos FERAS para a Dito pelo CC',0,'2017-02-09 11:30:06','2017-02-09 11:30:06',52),(202,'Mostrar valor excedente de cada cliente',1,'2017-02-09 11:30:25','2017-02-15 12:30:09',52),(203,'Adicionar controle de excedente para o cliente',0,'2017-02-15 14:12:44','2017-02-15 14:12:44',53),(204,'Conseguir responder quando o cliente fez um churn',0,'2017-02-15 14:13:18','2017-02-15 14:13:18',53),(205,'Melhorias de usabilidade',0,'2017-02-15 14:13:28','2017-02-15 14:13:28',53),(206,'Enviar novos FERAS para a Dito pelo CC',1,'2017-02-15 14:14:31','2017-03-06 18:00:37',53),(207,'Subir dados de cronometragem TF/Sportpass',0,'2017-02-20 18:16:03','2017-02-20 18:16:03',54),(208,'Subir dados retroativos Vinho Site',1,'2017-02-20 18:16:15','2017-02-22 18:16:11',54),(209,'Benchmark da segmentação da Dito',1,'2017-02-20 18:17:48','2017-03-02 14:43:23',54),(210,'Matar o Batman',1,'2017-03-03 18:03:30','2017-03-03 18:09:29',55),(211,'Subir Ozymandias como novo servidor Web',1,'2017-03-03 18:03:40','2017-03-03 18:09:30',55),(212,'Identificar erro do Last Click',1,'2017-03-03 18:04:00','2017-03-03 18:09:31',55),(213,'Ajustes Layout relatório',1,'2017-03-03 18:04:19','2017-03-03 18:09:33',55),(214,'Finalizar estudo sobre A/B Test',1,'2017-03-03 18:05:02','2017-03-03 18:09:35',55),(215,'Analisar clientes que deram Churn',1,'2017-03-03 18:05:48','2017-03-03 18:09:37',55),(216,'Corrigir erro de timeout do Scheduler Service',1,'2017-03-03 18:05:59','2017-03-03 18:09:39',55),(217,'Novo fluxo BigQuery',1,'2017-03-13 14:29:46','2017-03-13 14:29:48',56),(218,'Trocar DNS para route 53',1,'2017-03-13 14:30:13','2017-03-24 18:13:24',56),(219,'Adicionar os KPIs ao CC',1,'2017-03-14 17:24:37','2017-03-24 13:40:06',57),(220,'Propor telas dos KPIs no CC',1,'2017-03-14 17:24:49','2017-03-24 13:40:10',57),(221,'Correção de bug do link do Befree',1,'2017-03-14 17:25:01','2017-03-15 19:08:48',57),(222,'Coletar KPIs de uso',1,'2017-03-14 17:25:35','2017-03-24 13:40:09',57),(223,'Integrar KPIs ao CC',0,'2017-03-29 14:54:22','2017-03-29 14:54:22',58),(224,'Adicionar rejeição ao relatório',1,'2017-03-29 14:54:38','2017-04-04 14:41:25',58),(225,'Reduzir uso de hosts do Newrelic',1,'2017-03-29 14:56:12','2017-03-29 14:58:11',58),(226,'Remover SBT e Ingresso.com do logentries',1,'2017-03-29 14:56:42','2017-04-04 14:41:27',58),(227,'Aumentar velocidade de entrega das notificações Android',0,'2017-03-29 14:58:07','2017-03-29 14:58:07',58),(228,'API de Segmentos em Produção',1,'2017-04-06 19:09:26','2017-04-06 19:09:50',59),(229,'Query de Insights do SBT',1,'2017-04-06 19:09:40','2017-04-07 18:47:40',59),(230,'Subir para produção os KPIs de negócio',1,'2017-04-10 16:04:26','2017-04-17 12:51:36',60),(231,'Subir para produção os KPIs de uso',1,'2017-04-10 16:04:31','2017-04-18 14:57:02',60),(232,'Custom data service',1,'2017-04-11 13:49:14','2017-04-24 13:32:55',61),(233,'Finalizar entrega dos relatórios',1,'2017-04-18 14:57:17','2017-04-24 12:25:40',60),(234,'Aumentar velocidade de entrega das notificações Android',1,'2017-04-18 14:57:46','2017-04-24 12:25:38',60),(235,'Matar VMs',1,'2017-04-20 17:41:22','2017-04-24 13:29:28',61),(236,'Fallback do Load Balance no DNS',1,'2017-04-20 17:41:41','2017-04-24 13:29:32',61),(238,'Arrumar visualização das estatísticas mobile',1,'2017-05-02 12:10:30','2017-05-02 12:14:57',62),(239,'Melhorar usabilidade da tela de pessoas',1,'2017-05-02 12:11:02','2017-05-02 12:14:53',62),(240,'Remover atraso da notificação por evento',1,'2017-05-02 12:11:29','2017-05-02 12:15:03',62),(241,'Ajustes Relatório para entrega dia 3/5',1,'2017-05-02 12:12:05','2017-05-04 15:49:35',62),(242,'Melhorar segurança das chaves do sendgrid',1,'2017-05-02 12:13:04','2017-05-02 12:14:49',62),(243,'Arrumar estatísticas Android',1,'2017-05-02 12:13:14','2017-05-02 12:14:47',62),(244,'Avaliação técnica integração Novo Nordisk',1,'2017-05-02 12:13:35','2017-05-02 12:14:44',62),(245,'Entregar Live Service',1,'2017-05-04 14:52:34','2017-05-04 14:52:34',63),(247,'Https no Dashboard',1,'2017-05-10 16:58:37','2017-05-16 18:31:59',64),(248,'Snapshot no ElasticSearch5, para recuperação de desastre',1,'2017-05-10 16:59:30','2017-05-10 16:59:54',64),(249,'Trackear uso do Redis para que possamos levantar os fluxos que teremos que alterar antes de desligá-lo',1,'2017-05-10 16:59:49','2017-05-17 19:18:27',64),(250,'Subir importador',0,'2017-05-18 17:31:18','2017-05-18 17:31:18',65),(251,'Otimizar o carregamento do total de usuários na tela de pessoas em 50%',1,'2017-05-19 23:35:22','2017-05-25 13:39:11',67),(252,'Subir importador',0,'2017-05-24 16:17:06','2017-05-24 16:17:06',68),(254,'Finalizar integração UATT',1,'2017-05-24 20:04:23','2017-05-29 20:13:55',68),(255,'Finalizar integração FTP',1,'2017-05-24 20:04:50','2017-06-01 17:46:06',68),(256,'Bloquear duplicação de eventos para aplicativos internos',1,'2017-05-24 20:05:16','2017-06-05 15:17:50',68),(257,'Criar novo fluxo no Social Login: Controller -> Stream',1,'2017-05-31 18:39:14','2017-06-07 18:48:18',66),(258,'Usar REDIS próprio para dados de notificações',0,'2017-05-31 18:39:28','2017-05-31 18:39:28',66),(259,'Subir para produção Importador',1,'2017-06-06 15:02:31','2017-06-12 12:27:58',69),(260,'Subir para produção nova SDK para evitar duplicação de eventos',1,'2017-06-06 15:02:50','2017-06-06 15:03:23',69),(261,'Corrigir problema do IOS na aba anônima',1,'2017-06-06 15:03:08','2017-06-13 15:17:00',69),(262,'Ter visão dos erros da nossa SDK JS',1,'2017-06-06 15:03:19','2017-06-06 15:03:22',69),(263,'Definir solução para EndIf e Outlook',1,'2017-06-06 15:03:58','2017-06-13 15:17:02',69),(264,'Parar de utilizar RedisData no Social Notification',1,'2017-06-13 20:47:06','2017-06-20 17:36:01',70),(265,'Correção de testes (Casper) automatizado, que vêm reportando erro de forma indevida constantemente',1,'2017-06-13 20:47:14','2017-06-21 14:17:29',70),(266,'Análise RFM na Dito para a Chilli Beans',1,'2017-06-13 20:47:21','2017-06-19 21:31:45',70),(267,'Investigação e proposta de solução no caso do ingresso para adicionarmos newsletter',1,'2017-06-13 20:47:28','2017-06-13 20:48:08',70),(268,'Diminuir tempo para expirar chaves de controle de duplicado no Redis',1,'2017-06-13 20:47:36','2017-06-20 17:36:05',70),(269,'Finalizar entrega dos KPIs',1,'2017-06-23 14:53:29','2017-06-28 14:08:06',71),(270,'Automatizar criação do Sendgrid',0,'2017-06-23 14:53:40','2017-06-23 14:53:40',71),(271,'Arrumar integração Urbamais',1,'2017-06-23 14:54:34','2017-06-23 14:54:46',71),(272,'Arrumar integração Baby',1,'2017-06-23 14:54:40','2017-06-23 14:54:48',71),(273,'Adicionar monitoramento de disco no  servidor Green Lantern',1,'2017-06-26 21:33:22','2017-06-28 20:19:37',72),(274,'Backend da tela de RFM',1,'2017-06-26 21:35:28','2017-06-28 20:19:40',72),(275,'Adicionar estrutura de gerenciamento de logs nos servidores da plataforma',1,'2017-06-26 21:36:13','2017-07-10 19:34:38',72),(276,'Habilitar novo fluxo de dados no módulo Social Login, reduzindo dependências do Redis',0,'2017-06-26 21:38:31','2017-06-26 21:38:31',72),(277,'Modificação de eventos da DITO para permitir comunicação com os nossos clientes',1,'2017-07-06 18:17:20','2017-07-06 18:18:36',73),(278,'Permitir filtrar notificação por canal de envio',1,'2017-07-06 18:17:24','2017-07-18 13:33:29',73),(279,'Separar comparação absoluta de %',1,'2017-07-06 18:17:29','2017-07-07 21:51:20',73),(280,'Retirar canais de configuração da tela - Sendgrid/Mandril, etc',1,'2017-07-06 18:17:34','2017-07-06 18:18:41',73),(281,'Tabela de Emojis embutida no Editor HTML',1,'2017-07-06 18:17:51','2017-07-07 21:51:23',73),(282,'Disponibilizar Donwloads de Base/Relatórios diretamente na Dito',0,'2017-07-06 18:17:57','2017-07-06 18:17:57',73),(283,'Otimizar geração dos KPIs',1,'2017-07-06 18:18:05','2017-07-18 13:33:33',73),(286,'Implementar alterações na estrutura do RFM para permitir melhores análises',1,'2017-07-13 16:33:05','2017-07-19 21:01:00',74),(287,'Implementar resiliência aos bancos de dados dos nossos serviços do Kubernetes',1,'2017-07-13 16:34:31','2017-07-21 17:48:28',74),(288,'Subir base de eventos Blueticket',1,'2017-07-19 17:54:36','2017-07-19 18:03:06',75),(289,'Subir base de eventos Lojas Mocó',1,'2017-07-19 17:54:41','2017-07-19 18:03:08',75),(290,'Subir base de eventos Chico Rei',1,'2017-07-19 17:54:46','2017-07-19 18:03:10',75),(292,' Disponibilizar Downloads de Base/Relatórios diretamente na Dito',1,'2017-07-19 17:55:01','2017-07-26 17:41:51',75),(293,' \"Aba\" de novidades da plataforma',1,'2017-07-19 17:55:09','2017-07-26 17:40:05',75),(294,'Verificar funcionamento do UTM após o cliente logar na Dito pela SDK',1,'2017-07-19 17:55:28','2017-07-26 17:41:44',75),(295,'Corrigir erro de tracking de compra no IR',1,'2017-07-19 17:55:40','2017-07-20 21:14:48',75),(296,'Evolução na apresentação dos dados do RFM',1,'2017-07-27 12:45:40','2017-08-01 20:37:40',76),(297,'Criar segunda versão do projeto Dedo Duro',1,'2017-08-07 17:51:26','2017-08-09 20:59:32',78),(298,'Acabar com os warnings de ThoughputExceeded do Kinesis',1,'2017-08-07 17:52:12','2017-08-09 20:59:29',78),(299,'Melhorias no ETL: formatador de campo de dinheiro; permitir erros em um número limitado de registros',0,'2017-08-07 17:54:49','2017-08-07 17:54:49',78),(300,'Repick de mensagens',1,'2017-08-07 22:17:41','2017-08-08 16:45:49',77),(301,'Exportação de disparos da notificação',0,'2017-08-07 22:17:45','2017-08-07 22:17:45',77),(302,'Adicionar selo GPTW no site da Dito',1,'2017-08-07 22:17:52','2017-08-08 16:45:45',77),(303,'Teste A/B nas abas e central de notificações',1,'2017-08-07 22:18:07','2017-08-10 14:18:36',77),(304,'Rollback de unsubscribe',0,'2017-08-07 22:18:14','2017-08-07 22:18:14',77),(305,'Proposta melhorias integração arquivinho',0,'2017-08-07 22:18:22','2017-08-07 22:18:22',77),(306,'Subir base de eventos Locamerica',1,'2017-08-07 22:18:39','2017-08-14 17:04:41',77),(307,'Integração site Locamerica',1,'2017-08-07 22:18:45','2017-08-10 19:22:38',77),(309,'Subir base de eventos Chico Rei',1,'2017-08-07 22:18:59','2017-08-07 22:20:02',77),(310,'Novas telas Tim Beta',1,'2017-08-07 22:19:12','2017-08-10 19:59:00',77),(311,'Adicionar a possibilidade Resetar aplicativo em dev',1,'2017-08-07 22:19:21','2017-08-07 22:19:53',77),(312,'Subir base de eventos Blueticket',1,'2017-08-07 22:19:27','2017-08-07 22:19:49',77),(313,'Correção do nome dos eventos de login, cadastro e retenção',1,'2017-08-07 22:19:45','2017-08-07 22:19:47',77),(315,'Permitir colar a tela de notificações no excel sem perder a formatação',1,'2017-08-14 20:09:07','2017-08-18 22:30:01',79),(316,'Rollback de unsubscribe',1,'2017-08-14 20:09:15','2017-08-18 22:30:03',79),(317,'Motivos de descadastros por notificação',1,'2017-08-14 20:09:20','2017-09-04 12:44:54',79),(318,'Viabilizar a exportação da lista de disparos de uma notificação',1,'2017-08-14 20:09:29','2017-08-25 16:55:07',79),(319,'Base de eventos Blueticket',1,'2017-08-14 20:09:39','2017-08-18 22:30:39',79),(320,'Base de eventos Chico Rei',1,'2017-08-14 20:09:46','2017-08-18 22:30:37',79),(321,'Indicador do tempo de carregamento da tela de pessoas',1,'2017-08-22 14:03:06','2017-08-24 16:18:59',80),(322,'Identificar automaticamente o encoding no ETL',1,'2017-08-22 14:03:20','2017-08-25 19:54:50',80),(323,'API backend de blacklist reasons',1,'2017-08-22 14:41:30','2017-08-24 16:19:08',80),(324,'Permitir um número de erros nas linhas no ETL',1,'2017-09-01 21:25:26','2017-09-01 21:26:07',81),(325,'Propor forma de acompanhamento de indicador de tempo da tela de pessoas',1,'2017-09-01 21:25:42','2017-09-01 21:26:09',81),(326,'Propor solução para uso de múltiplas contas (ficamos devendo da semana passada)',1,'2017-09-01 21:25:59','2017-09-01 21:26:11',81),(327,'Criar arquivo padrão Vtex',1,'2017-09-04 18:14:03','2017-09-05 21:18:51',82),(328,'Integrar Grupo Rosset',1,'2017-09-04 18:14:32','2017-09-05 21:18:53',82),(329,'Subir base de eventos Grupo Rosset',1,'2017-09-04 18:14:40','2017-09-05 21:18:55',82),(331,'Configuração do Vtex pela interface',1,'2017-09-04 18:23:16','2017-09-08 19:12:26',82),(332,'Melhoria no filtro de data da segmentação',1,'2017-09-04 18:26:11','2017-09-05 21:19:00',82),(333,'Melhorar usabilidade da aba de atualizações',0,'2017-09-12 17:52:02','2017-09-12 17:52:02',83),(334,'Subir tela do ETL de eventos',0,'2017-09-12 17:52:15','2017-09-12 17:52:15',83),(335,'Tela de relatórios do Sprintfy',0,'2017-09-12 17:53:32','2017-09-12 17:53:32',83),(336,'Redução de gastos do BigQuery na busca por motivo de descadastro',0,'2017-09-12 17:54:00','2017-09-12 17:54:00',83),(337,'Adicionar UTMs no envio de teste',1,'2017-09-12 17:54:29','2017-09-12 22:18:27',83);
/*!40000 ALTER TABLE `goals` ENABLE KEYS */;
UNLOCK TABLES;

--
-- Table structure for table `roles`
--

DROP TABLE IF EXISTS `roles`;
/*!40101 SET @saved_cs_client     = @@character_set_client */;
/*!40101 SET character_set_client = utf8 */;
CREATE TABLE `roles` (
  `id` int(11) NOT NULL AUTO_INCREMENT,
  `name` varchar(255) DEFAULT NULL,
  `resource_type` varchar(255) DEFAULT NULL,
  `resource_id` int(11) DEFAULT NULL,
  `created_at` datetime DEFAULT NULL,
  `updated_at` datetime DEFAULT NULL,
  PRIMARY KEY (`id`),
  KEY `index_roles_on_name` (`name`),
  KEY `index_roles_on_name_and_resource_type_and_resource_id` (`name`,`resource_type`,`resource_id`)
) ENGINE=InnoDB AUTO_INCREMENT=4 DEFAULT CHARSET=utf8;
/*!40101 SET character_set_client = @saved_cs_client */;

--
-- Dumping data for table `roles`
--

LOCK TABLES `roles` WRITE;
/*!40000 ALTER TABLE `roles` DISABLE KEYS */;
INSERT INTO `roles` VALUES (1,'user',NULL,NULL,'2016-10-19 13:28:10','2016-10-19 13:28:10'),(2,'sprinter',NULL,NULL,'2016-10-19 13:32:24','2016-10-19 13:32:24'),(3,'admin',NULL,NULL,'2016-10-19 13:32:48','2016-10-19 13:32:48');
/*!40000 ALTER TABLE `roles` ENABLE KEYS */;
UNLOCK TABLES;

--
-- Table structure for table `schema_migrations`
--

DROP TABLE IF EXISTS `schema_migrations`;
/*!40101 SET @saved_cs_client     = @@character_set_client */;
/*!40101 SET character_set_client = utf8 */;
CREATE TABLE `schema_migrations` (
  `version` varchar(255) NOT NULL,
  PRIMARY KEY (`version`)
) ENGINE=InnoDB DEFAULT CHARSET=utf8;
/*!40101 SET character_set_client = @saved_cs_client */;

--
-- Dumping data for table `schema_migrations`
--

LOCK TABLES `schema_migrations` WRITE;
/*!40000 ALTER TABLE `schema_migrations` DISABLE KEYS */;
INSERT INTO `schema_migrations` VALUES ('20160908034910'),('20160908035717'),('20160908133124'),('20160908151029'),('20160908175346'),('20160908175628'),('20160908180548'),('20160908180804'),('20160908181036'),('20160914205525'),('20160915185229'),('20160916140519'),('20160916170029'),('20161005185513'),('20161108183755'),('20161110231607');
/*!40000 ALTER TABLE `schema_migrations` ENABLE KEYS */;
UNLOCK TABLES;

--
-- Table structure for table `sprint_reports`
--

DROP TABLE IF EXISTS `sprint_reports`;
/*!40101 SET @saved_cs_client     = @@character_set_client */;
/*!40101 SET character_set_client = utf8 */;
CREATE TABLE `sprint_reports` (
  `id` int(11) NOT NULL AUTO_INCREMENT,
  `sprint_id` int(11) DEFAULT NULL,
  `name` varchar(255) DEFAULT NULL,
  `text` text,
  `created_at` datetime NOT NULL,
  `updated_at` datetime NOT NULL,
  PRIMARY KEY (`id`),
  KEY `index_sprint_reports_on_sprint_id` (`sprint_id`),
  CONSTRAINT `fk_rails_37132d203f` FOREIGN KEY (`sprint_id`) REFERENCES `sprints` (`id`)
) ENGINE=InnoDB AUTO_INCREMENT=274 DEFAULT CHARSET=utf8;
/*!40101 SET character_set_client = @saved_cs_client */;

--
-- Dumping data for table `sprint_reports`
--

LOCK TABLES `sprint_reports` WRITE;
/*!40000 ALTER TABLE `sprint_reports` DISABLE KEYS */;
INSERT INTO `sprint_reports` VALUES (1,1,'did_right','Sprint planning #2\r\nProcesso de mudança de prioridade\r\nPair programming\r\nPrimeiro ticket do Marcos Parreiras','2016-10-03 14:45:40','2016-10-03 14:45:40'),(2,1,'did_wrong','Mudança de prioridade\r\nNão teve daily meeting todos os dias\r\nProcesso video\r\nMuitos unplanneds\r\nMuitas reuniões de planejamento que não eram do sprint\r\nAtribuição do ticket para a pessoa errada\r\nNão foi entregue o goal da semana\r\nPriorização baseado em resultados','2016-10-03 14:45:40','2016-10-03 14:45:40'),(3,1,'what_to_change','Marcar horário fixo do DM e não depender de ninguém\r\nCobrar para que sempre tenha video na semana\r\nParar de dar deploy na sexta de manhã','2016-10-03 14:45:40','2016-10-03 14:45:40'),(4,2,'did_right','Parreiras está conseguindo pegar mais tarefas sobre a plataforma\r\nComunicação dentro da equipe funcionou bem\r\nEntregamos mais story points do que o planejado\r\nEquipe está melhorando o processo de QA apontando melhorias e não só bugs','2016-10-03 14:49:05','2016-10-03 14:49:05'),(5,2,'did_wrong','Falta de cobrança em cima do Ingresso para fazer o A/B Test\r\nQA dependente de outro Squad demorou a ser feito\r\nDesenvolvimento de tarefas sem ticket e estimativa\r\nTarefa foi planejada sem pensar na consequência que ela traria ao ser mandada pra produção\r\nDeploy na sexta-feira\r\nUnplanneds não foram alinhados\r\nNão teve Sprint Planning #2\r\nRodrigo não trabalhou no sprint no primeiro dia\r\nRegistrar todos os acontecimentos','2016-10-03 14:49:05','2016-10-03 14:49:05'),(6,2,'what_to_change','Colocar em todos os pull requests os impactos que podem acontecer quando a tarefa for para produção\r\nDistribuir os QAs de terceiros para não acumular em ninguém\r\nDar deploy até a quinta-feira no final do dia\r\nFazer o Sprint Planning #2 no começo da semana\r\nAutomatizar o máximo de tarefas repetitivas\r\nMedir todo lançamento feito\r\nTrackear tudo com a Dito\r\nCentralizar o registro dos acontecimentos ','2016-10-03 14:49:05','2016-10-03 14:49:05'),(7,3,'did_right','Comunicação com a equipe\r\nDM diário mesmo com trabalho remoto','2016-10-03 14:51:41','2016-10-03 14:51:41'),(8,3,'did_wrong','Programação de tickets com dependência da equipe não foi feita\r\nDependência de clientes acabou não andando\r\nInvite de reunião no Sprint Planning #1 não foi enviado para o Parreiras\r\nSprint não finalizado no dia combinado\r\nQA não andou tão rápido como deveria','2016-10-03 14:51:41','2016-10-03 14:51:41'),(9,3,'what_to_change','Planejar melhor programação de estudo quando envolver pessoas externas. Entender que a resposta é lenta\r\nNa reunião de planejamento já marcar o review, demo e próximo planning\r\nFechar o sprint na data combinada independente de ter finalizado ou não a tarefa\r\nAlinhar pendências no DM (QA e Suporte)\r\nEnvolver pessoas de fora da equipe quando tiver um planejamento mais critico\r\nUsar o trello\r\nColocar todos os SP’s esperados para serem feitos, independente da existência de tickets','2016-10-03 14:51:41','2016-10-03 14:51:41'),(10,4,'did_right','Comunicação com o Jordan (home office) funcionou','2016-10-03 14:55:01','2016-10-03 14:55:01'),(11,4,'did_wrong','Estudo não terminou\r\nQuick win não foi terminado a tempo\r\nFalta de foco nas tarefas\r\nQA de equipes de terceiros não teve atenção necessária\r\nPlanning #2 era dependente de outra equipe e essa equipe não pode participar\r\nNão foi feita a analise de impacto para o ticket mais impactante do sprint','2016-10-03 14:55:01','2016-10-03 14:55:01'),(12,4,'what_to_change','Sempre que fizer um estudo, precisamos definir as expectativas\r\nMandar invites para todas as reuniões do Sprints previamente\r\nFazer uma tarefa de cada vez\r\nDefinir casos de uso no planning #2\r\nColocar impactos da tarefa no pull request','2016-10-03 14:55:01','2016-10-03 14:55:01'),(13,5,'did_right','Começamos a colocar o impacto do deploy no pull request\r\nProcesso de QA funcionou corretamente\r\nProcesso de deploy funcionou corretamente\r\nResultados dos goals ficaram claros para a equipe\r\nSprint guiado por OKRs','2016-10-03 14:58:30','2016-10-03 14:58:30'),(14,5,'did_wrong','Começou uma tarefa sem entendê-la a fundo\r\nDaily Meeting atrasou por causa de uma instabilidade da plataforma\r\nZero downtime deployment no dashboard ainda não está 100%\r\nProcesso de unplanneds ainda está falhando\r\nTicket que bloqueava outros tickets não foi feito','2016-10-03 14:58:30','2016-10-03 14:58:30'),(15,5,'what_to_change','Tirar todas as dúvidas sobre a tarefa antes de começar a desenvolvê-la\r\nAdaptar horário do Daily Meeting para a manhã\r\nPassar aos poucos processo de deploy para o Parreiras\r\nAjustar o script de deploy para reiniciar o servidor automaticamente\r\nOrganizar o backlog da equipe\r\nTrazer KPIs semanalmente','2016-10-03 14:58:30','2016-10-03 14:58:30'),(16,6,'did_right','','2016-10-03 15:01:15','2016-10-03 15:01:15'),(17,6,'did_wrong','','2016-10-03 15:01:15','2016-10-03 15:01:15'),(18,6,'what_to_change','','2016-10-03 15:01:15','2016-10-03 15:01:15'),(19,7,'did_right','','2016-10-03 15:02:13','2016-10-03 15:02:13'),(20,7,'did_wrong','','2016-10-03 15:02:13','2016-10-03 15:02:13'),(21,7,'what_to_change','','2016-10-03 15:02:13','2016-10-03 15:02:13'),(22,8,'did_right','','2016-10-03 15:03:33','2016-10-03 15:03:33'),(23,8,'did_wrong','','2016-10-03 15:03:33','2016-10-03 15:03:33'),(24,8,'what_to_change','','2016-10-03 15:03:33','2016-10-03 15:03:33'),(25,9,'did_right','Prazo de entrega dos tickets\r\nPequenas tarefas para grande entregas\r\nComunicação a distancia','2016-10-03 15:06:27','2016-10-03 15:06:27'),(26,9,'did_wrong','Repriorização de ticket\r\nDefinição dos goals\r\nResolução de suporte por toda equipe','2016-10-03 15:06:27','2016-10-03 15:06:27'),(27,9,'what_to_change','Ao sair/entrar algum ticket, temos que repriorizar nossas tarefas\r\nPrometer algum objetivo baseado nos tickets do sprint\r\nAlinhar diáriamente o andamento do sprint (DM)\r\nNos próximos suportes, fazer pair programming para que todos fiquem alinhados','2016-10-03 15:06:27','2016-10-03 15:06:27'),(28,10,'did_right','','2016-10-03 15:07:48','2016-10-03 15:07:48'),(29,10,'did_wrong','','2016-10-03 15:07:48','2016-10-03 15:07:48'),(30,10,'what_to_change','','2016-10-03 15:07:48','2016-10-03 15:07:48'),(31,11,'did_right','','2016-10-03 15:09:31','2016-10-03 15:09:31'),(32,11,'did_wrong','','2016-10-03 15:09:31','2016-10-03 15:09:31'),(33,11,'what_to_change','','2016-10-03 15:09:31','2016-10-03 15:09:31'),(34,12,'did_right','','2016-10-03 15:10:44','2016-10-03 15:10:44'),(35,12,'did_wrong','','2016-10-03 15:10:44','2016-10-03 15:10:44'),(36,12,'what_to_change','','2016-10-03 15:10:44','2016-10-03 15:10:44'),(37,13,'did_right','','2016-10-04 15:13:02','2016-10-04 15:13:02'),(38,13,'did_wrong','','2016-10-04 15:13:02','2016-10-04 15:13:02'),(39,13,'what_to_change','','2016-10-04 15:13:02','2016-10-04 15:13:02'),(40,14,'did_right','','2016-10-04 15:14:29','2016-10-04 15:14:29'),(41,14,'did_wrong','','2016-10-04 15:14:29','2016-10-04 15:14:29'),(42,14,'what_to_change','','2016-10-04 15:14:29','2016-10-04 15:14:29'),(43,15,'did_right','','2016-10-04 15:15:30','2016-10-04 15:15:30'),(44,15,'did_wrong','','2016-10-04 15:15:30','2016-10-04 15:15:30'),(45,15,'what_to_change','','2016-10-04 15:15:30','2016-10-04 15:15:30'),(46,16,'did_right','','2016-10-04 15:17:21','2016-10-04 15:17:21'),(47,16,'did_wrong','','2016-10-04 15:17:21','2016-10-04 15:17:21'),(48,16,'what_to_change','','2016-10-04 15:17:21','2016-10-04 15:17:21'),(49,18,'did_right','Trabalho multidisciplinar\r\nIntegração entre os esquadrões\r\nEntrega de valor para cliente interno (Dito)','2016-10-04 15:29:36','2016-10-04 15:29:36'),(50,18,'did_wrong','Falta de planejamento durante a segunda semana\r\nNão teve daily meeting\r\nDeixar para última hora o deploy sprint\r\nRepriorização\r\nNão teve priorização de OKR’s','2016-10-04 15:29:36','2016-10-04 15:29:36'),(51,18,'what_to_change','Seguir o processo do JIRA\r\nAdaptar aos novos tipos de tarefa o processo atual\r\nMais foco nas reuniões\r\nVictor no processo de deploy','2016-10-04 15:29:36','2016-10-04 15:29:36'),(52,19,'did_right','Alinhamento e trabalho em equipe\r\nApesar de não entregar, a equipe foi comprometida e dedicada\r\nComunicação da equipe melhorou','2016-10-04 15:42:24','2016-10-04 15:42:24'),(53,19,'did_wrong','Como era uma questão nova para a equipe. Necessitavamos demais tempo de planejamento.\r\nMuita interferencia externa\r\nConcentração de conhecimento em apenas uma pessoa\r\nEquipe não estudou previamente a tecnologia antes do sprint\r\nFalta de foco no goal do sprint','2016-10-04 15:42:24','2016-10-04 15:42:24'),(54,19,'what_to_change','Quando for novas tecnologias, devemos planejar melhor\r\nNão colocar muita coisa quando for assunto novo\r\nPair programming para passar conhecimento\r\nEstudar previamente a tecnologia antes do sprint','2016-10-04 15:42:24','2016-10-04 15:42:24'),(55,20,'did_right','Comunicação da equipe\r\nMudança de lugar','2016-10-04 15:46:58','2016-10-04 15:46:58'),(56,20,'did_wrong','Está sendo subestimado o desenvolvimento na nova arquitetura.\r\nRegistro de SP’s planejado\r\nMudança de escopo / estratégia no sprint\r\nPlanejamento não está sendo bem feito\r\nNão foram analisados todos os impactos que as tarefas\r\nQualidade foi sacrificada','2016-10-04 15:46:58','2016-10-04 15:46:58'),(57,20,'what_to_change','Melhorar o código\r\nMelhorar os testes (fazer mais testes unitários)\r\nApresentar solução antes de criar tickets no sprint','2016-10-04 15:46:58','2016-10-04 15:46:58'),(58,21,'did_right','Unplanneds não afetaram as entregas do sprint\r\nFamiliaridade com as tecnologias ajudaram a produzir mais\r\nSprint planning #2 foi essencial','2016-10-04 15:49:39','2016-10-04 15:49:39'),(59,21,'did_wrong','Testes foram sacrificados em prol da entrega\r\nMudanças no meio do caminho nos fizeram trabalhar mais do que necessário para fazer as entregas','2016-10-04 15:49:39','2016-10-04 15:49:39'),(60,21,'what_to_change','Ajustar entregas e storypoints para que não seja necessário virar noite\r\nDetalhar mais a fundo o planning para não deixar nenhuma dúvida','2016-10-04 15:49:40','2016-10-04 15:49:40'),(61,22,'did_right','Foco no OKR\r\nTodo mundo da equipe criou um alerta','2016-10-04 15:53:02','2016-10-04 15:53:02'),(62,22,'did_wrong','Equipe não teve confiança em dar deploy\r\nDeploy centralizado no Bailão','2016-10-04 15:53:02','2016-10-04 15:53:02'),(63,22,'what_to_change','Separar code review de QA\r\nCriar caso de testes necessários no planning #2','2016-10-04 15:53:02','2016-10-04 15:53:02'),(64,23,'did_right','Cumprimos a tarefa principal do sprint que era o Benchmark','2016-10-04 15:55:28','2016-10-04 15:55:28'),(65,23,'did_wrong','Falta de foco no que foi planejado no sprint\r\nNao foi planejado os tickets relacionados ao Kubernetes\r\nNovos tickets/goals nao foram criados durante o sprint','2016-10-04 15:55:28','2016-10-04 15:55:28'),(66,23,'what_to_change','Sempre criar os tickets no backlog para facilitar o planning\r\nQuebrar os goals em mais tickets para facilitar a divisão','2016-10-04 15:55:28','2016-10-04 15:55:28'),(67,24,'did_right','Victor adiquirindo conhecimento novo em relação ao Stream\r\nCumprimos a parte de eventos passando pelo Stream (apesar de faltar usuários)','2016-10-04 15:58:26','2016-10-04 15:58:26'),(68,24,'did_wrong','Saída não planejada do Thiago\r\nA entrega final do Thiago não foi boa\r\nHouve pouco planejamento na parte do Arthur\r\nErramos muito nas estimativas dos tickets do Victor\r\nGastou-se muito tempo com o ES atual caindo toda hora','2016-10-04 15:58:26','2016-10-04 15:58:26'),(69,24,'what_to_change','PLANEJAMENTO!','2016-10-04 15:58:26','2016-10-04 15:58:26'),(70,25,'did_right','Entregamos mais SPs mesmo sem o Thiago','2016-10-04 16:01:30','2016-10-04 16:01:30'),(71,25,'did_wrong','Por muito pouco nao entregamos todos os dados no Stream, faltando apenas QA/deploy\r\nPerda de foco por vários motivos: ES caindo, validação do retençômetro','2016-10-04 16:01:30','2016-10-04 16:01:30'),(72,25,'what_to_change','Implementar blacklist automático para ter uma folga com o ES caindo\r\nCriar um épico no JIRA para cada Goal e com isso ter um melhor acompanhamento da evolução dos objetivos no sprint','2016-10-04 16:01:30','2016-10-04 16:01:30'),(73,26,'did_right','Como os tickets estavam bem planejados, o sprint andou bem\r\nBoa divisão de tarefas em tickets','2016-10-04 16:03:37','2016-10-04 16:03:37'),(74,26,'did_wrong','Muitos tickets nao planejados - 7.5SPs\r\nNao chegou-se a uma boa solução para integrar ACL e AWS usando VPN.','2016-10-04 16:03:37','2016-10-04 16:03:37'),(75,26,'what_to_change','Dar prioridade total aos OKRs nesse final','2016-10-04 16:03:37','2016-10-04 16:03:37'),(76,27,'did_right','Planejamento foi bom, uma vez que sabíamos exatamente o que precisava ser feito.\r\nSprint de 3 semanas foi bom nesse caso\r\nMantivemos focado\r\nPair programming Vitão S2 Parreiromon','2016-10-04 16:06:04','2016-10-04 16:06:04'),(77,27,'did_wrong','Muitos bugs apareceram durante o sprint','2016-10-04 16:06:04','2016-10-04 16:06:04'),(78,27,'what_to_change','','2016-10-04 16:06:04','2016-10-04 16:06:04'),(79,28,'did_right','','2016-10-04 16:08:35','2016-10-04 16:08:35'),(80,28,'did_wrong','Falha no planejamento;\r\nAtividades da equipe de dados consumiu tempo do Parreiras.','2016-10-04 16:08:35','2016-10-04 16:08:35'),(81,28,'what_to_change','PLANEJAMENTO!','2016-10-04 16:08:35','2016-10-04 16:08:35'),(82,29,'did_right','Bom planejamento e alinhamento entre equipe Dados <> Parreiromon\r\nBoa definiçao de onde seriam implementadas as funcionalidades da regua (backend ou frontend)\r\nContribuiçao entre equipes na ausencia de um membro\r\nFoco nos goals\r\nVitão andou muito bem sozinho devido ao bom planejamento','2016-10-04 16:11:11','2016-10-04 16:11:11'),(83,29,'did_wrong','Excesso de suportes\r\nFalta de planejamento/alinhamento dos tickets da equipe R\r\nSobrecarga de tickets no Vitão','2016-10-04 16:11:11','2016-10-04 16:11:11'),(84,29,'what_to_change','Nao deve existir EUquipe\r\nEnvolver mais de uma equipe no planejamento de novas features\r\nOs tickets devem, na sua maioria, refletir os goals da semana/sprint\r\nEnviar de 15 em 15 dias os goals do sprint no relatório semanal de TI. Talvez enviar \"expectativas\" pra nao ficar em branco','2016-10-04 16:11:11','2016-10-04 16:11:11'),(85,30,'did_right','Finalmente migramos todos os eventos\r\nEstamos melhorando no planejamento dos Goals','2016-10-04 16:13:26','2016-10-04 16:13:26'),(86,30,'did_wrong','Planejar algo pro sprint sem testar viabilidade (autocomplete)\r\nMais foco na entrega principal\r\nFalta de planning 2 no ticket do Parreiras','2016-10-04 16:13:26','2016-10-04 16:13:26'),(87,30,'what_to_change','No caso do autocomplete e em casos onde a complexidade é maior, devemos criar um ticket de spike.\r\nFoda-se reuniões de produto\r\nFazer DMs de no maximo 6 minutos','2016-10-04 16:13:26','2016-10-04 16:13:26'),(88,31,'did_right','O tickets realizados estavam relacionados aos goals','2016-10-04 16:15:53','2016-10-04 16:15:53'),(89,31,'did_wrong','Falta de alinhamento na tarefa de validação de segmentos\r\nFaltou Planning 2 bem mais detalhado do calculo de conversões\r\nNem todos os membros da equipe estavam alinhando quanto ao andamento do sprint\r\nMuito otimismo na definição dos goals','2016-10-04 16:15:53','2016-10-04 16:15:53'),(90,31,'what_to_change','Ter mais dados para planejar melhor os sprints\r\nDefinir métricas para item do sprint review\r\nAcompanhar no DM o andamento dos goals','2016-10-04 16:15:53','2016-10-04 16:15:53'),(91,32,'did_right','Priorizou os goals para bater o sprint\r\nRecuperação de dados (antecipação e execução)','2016-10-04 16:17:46','2016-10-04 16:17:46'),(92,32,'did_wrong','Motivação para o OKR\r\nNão se preocupar em dar gás em que não foi priorizado\r\n','2016-10-04 16:17:46','2016-10-04 16:17:46'),(93,32,'what_to_change','Ter mais dados para planejar melhor os sprints\r\nDefinir métricas para cada goal do sprint review\r\nAcompanhar no DM o andamento dos goals (usar o Sprintfy)\r\nUtilizar o Sprintfy','2016-10-04 16:17:46','2016-10-04 16:17:46'),(94,17,'did_right','Planejamento da equipe (interno)\r\nNão tivemos retrabalho na integração\r\nConversa constante entre os membros da equipe\r\nMembros de outra equipe cobrindo ausência de membros da nossa equipe\r\n','2016-10-04 17:39:08','2016-10-04 17:39:08'),(95,17,'did_wrong','Falta de alinhamento com Clientes / André\r\nFaltou planejamento após mudança de escopo\r\nParreiras e Diley ficaram doentes no mesmo dia, se ausentando de 2 dias do sprint\r\nFaltou alinhamento em relação ao objetivo dos ticket do Felipe','2016-10-04 17:39:08','2016-10-04 17:39:08'),(96,17,'what_to_change','Daily Meeting TODOS OS DIAS\r\nAlinhar com dependentes as novas funcionalidades antes de planejar o sprint\r\nSempre que tiver uma nova funcionalidade fora do escopo inicial do ticket, devemos criar um novo ticket para isso.\r\nNão deixar para subir muita coisa ao mesmo tempo e no final do sprint\r\nFinalizar o sprint na sexta até meio dia\r\nFazer review na sexta a tarde\r\nDeixar mais claro o objetivo de cada ticket','2016-10-04 17:39:09','2016-10-04 17:39:09'),(97,33,'did_right','','2016-10-24 17:41:45','2016-10-24 17:41:45'),(98,33,'did_wrong','','2016-10-24 17:41:45','2016-10-24 17:41:45'),(99,33,'what_to_change','','2016-10-24 17:41:45','2016-10-24 17:41:45'),(100,34,'did_right','Alinhamento com Jordan\r\nConseguimos seguir o processo do DM\r\nTodos se comprometendo com QA\r\nTrabalhamos como uma equipe com o mesmo objetivo\r\nMelhoramos todos os pontos do \"O que mudar?\" do sprint anterior','2016-10-28 17:01:48','2016-10-28 17:01:48'),(101,34,'did_wrong','Dependência de outra área para fechar ticket\r\nTickets com dependência de backend sendo feito em paralelo ao de front\r\nTickets grandes','2016-10-28 17:01:48','2016-10-28 17:01:48'),(102,34,'what_to_change','Melhorar o processo de produto para remover dependência de outra área\r\nNos organizar melhor para que o Jordan não fique esperando alguém finalizar o ticket de backend para integrar\r\nDeixar o Jordan mais por dentro de tudo que ocorre na Dito\r\nÉ melhor ter vários tickets pequenos do que poucos grandes\r\nDM com o Jordan ser no canal da equipe\r\n','2016-10-28 17:01:48','2016-10-28 17:01:48'),(103,36,'did_right','- Bom planejamento do sprint, dedicando um bom tempo (3 dias) antes de começar para definir como seria a solução\r\n- Os Goals foram entregues 100%\r\n- Soubemos levar em conta as prioridades','2016-11-07 16:03:08','2016-11-07 16:03:08'),(104,36,'did_wrong','- Excesso de  tickets atribuidos\r\n- Não foram entregues todos os SPs prometidos\r\n\r\n','2016-11-07 16:03:08','2016-11-07 16:03:08'),(105,36,'what_to_change','- Não prometer oq não consegue entregar\r\n- Sempre buscar melhorias nas entregas','2016-11-07 16:03:08','2016-11-07 16:03:08'),(106,35,'did_right','Equipe focou em entregar os goals do sprint\r\nNào deixar acumular QA\r\nConstantes entregas\r\nAlinhamento nos DMs\r\nAlinhamento dos tickets no decorrer do sprint','2016-11-16 17:58:21','2016-11-16 17:58:21'),(107,35,'did_wrong','Alinhamento sobre fechamento do sprint\r\nAlinhamento sobre véspera de feriado\r\nDM todos os dias (segunda véspera de feriado)\r\nFaltou atenção de toda equipe na hora das entregas finais. Resultando em um erro para o cliente.','2016-11-16 17:58:21','2016-11-16 17:58:21'),(108,35,'what_to_change','Sempre que surgir um imprevisto, avisar a equipe por email\r\nTodo feriado que tiver um dia intermediário de trabalho (ex: terça) alinhar com a equipe e deixar claro por email como será o dia.\r\nComeçar a pensar mais em testes automatizados\r\n','2016-11-16 17:58:21','2016-11-16 17:58:21'),(109,37,'did_right','- O replanejamento foi elaborado corretamente\r\n- Colaboração entre o time ajudou na eficiência da execução dos tickets\r\n- Preocupação com qualidade das entregas\r\n- Abrimos o caminho para Integração Contínua\r\n- Troca de atividades entre os membros\r\n- Próatividade da equipe','2016-11-21 17:21:30','2016-11-21 17:21:30'),(110,37,'did_wrong','- Ter o replanejamento, não é o ideal\r\n- Gastar menos tempo com operações','2016-11-21 17:21:30','2016-11-21 17:21:30'),(111,37,'what_to_change','- Buscar mais aplicações de novos conceitos e boas práticas dentro da Dito\r\n- Buscar compartilhar mais as atividades entre os membros da equipe\r\n- Focar no escopo de cada ticket','2016-11-21 17:21:30','2016-11-21 17:21:30'),(112,38,'did_right','- Comunicação durante o sprint\r\n- QAs andaram sem problemas\r\n- Equipe absorveu tickets externos sem alterar escopo do sprint\r\n- Não deixou acumular as tarefas para o final do sprint','2016-11-28 12:29:15','2016-11-28 12:29:15'),(113,38,'did_wrong','- Alteração do escopo do ticket\r\n- Não reestimativa da tarefa\r\n- Entrega grande\r\n- DM falhou 1 dia\r\n- Comunicação após alteração de estimativa\r\n- Colocamos um ticket sem estudar ele a fundo e ver se fazia sentido entrar no sprint\r\n- Erramos o timming de mandar email de feedback pros clientes. Enviamos na semana do black friday e diminuimos a chance de respostas.\r\n- Não entregamos todos os goals','2016-11-28 12:29:15','2016-11-28 12:29:15'),(114,38,'what_to_change','- Sempre que alterar o escopo do ticket, reestima-lo e quebrar em pequenas partes\r\n- Estimar os tickets no planning 2 com a equipe\r\n- Melhorar o Planning 2 de tickets que não temos um conhecimento previo\r\n- Sempre que tiver alteração de escopo, temos que rever os goals\r\n','2016-11-28 12:29:15','2016-11-28 12:29:15'),(115,39,'did_right','- Planejamento e entregas muito valiosas\r\n- Colaboração entre as duas equipes na migração do Kubernetes','2016-12-05 13:55:28','2016-12-05 13:55:28'),(116,39,'did_wrong','- Processo de QA dos tickets do Sidekiq não funcionou\r\n- Tela de top users quebrou quando desligamos o ES antigo','2016-12-05 13:55:28','2016-12-05 13:55:28'),(117,39,'what_to_change','- Tudo tem que ter code review, inclusive configurações do Monit\r\n- Processos críticos devem ter um checklist de testes bem definido\r\n- Documentar de onde vem os dados de cada tela','2016-12-05 13:55:28','2016-12-05 13:55:28'),(118,40,'did_right','O processo de QA funcionou bem, mais uma vez\r\nPlanejamento dos tickets\r\nConversa e alinhamento entre membros\r\nAgilidade para entregar mais do que o prometido','2016-12-14 20:42:49','2016-12-14 20:42:49'),(119,40,'did_wrong','Planejamos o sprint sem levar em conta um dia de feriado\r\nExecução do ticket sem planejar inicialmente como realizar a implementação\r\nMuitos bugs a serem resolvidos atrasaram o andamento do sprint\r\nPlanejamento dos tickets de teste automatizado ','2016-12-14 20:42:49','2016-12-14 20:42:49'),(120,40,'what_to_change','Sempre que planejar um sprint, ficar atento aos feriados e recessos\r\nAo pegar um ticket, planejar mesmo que superficialmente sua implementação para evitar retrabalho','2016-12-14 20:42:49','2016-12-14 20:42:49'),(121,41,'did_right','- Vitao ficou focado em documentações\r\n- Conseguimos adiantar o cronograma com a TF ','2016-12-19 18:40:32','2016-12-19 18:40:32'),(122,41,'did_wrong','- Faltou pedir ajuda ao time pra resolver impedimentos nos tickets de configuração de novos servidores\r\n- Demoramos no planejamento do sprint','2016-12-19 18:40:32','2016-12-19 18:40:32'),(123,41,'what_to_change','- Impedimentos devem ser resolvidos o mais rápido possível, seja lá qual for o problema','2016-12-19 18:40:32','2016-12-19 18:40:32'),(124,42,'did_right','Criar pequenas tarefas\r\nAs prioridades dos tickets foram respeitadas\r\nAlinhamento entre as áreas para entregar uma nova funcionalidade\r\nConseguimos ir batendo os goals gradualmente, ou seja, não deixamos para a última hora','2016-12-27 18:58:24','2016-12-27 18:58:24'),(125,42,'did_wrong','Não fizemos DM todos os dias\r\nFelipe chegou após horário de termino do sprint no dia da entrega, atrasando assim a entrega\r\n','2016-12-27 18:58:24','2016-12-27 18:58:24'),(126,42,'what_to_change','No inicio de cada sprint, marcar o review e o planning do próximo\r\nToda vez que tivermos uma entrega critica, alinhar com os envolvidos o horário para finalizar','2016-12-27 18:58:24','2016-12-27 18:58:24'),(127,43,'did_right','- Fizemos um bom planejamento do projeto de integração offline (ETL)\r\n- Modelamos muito bem o problema de integração de bases offline da Dito, que se baseia nas fases de Extração, Transformação e Carga.\r\n- Tiramos bons aprendizados nesse sprint review','2017-01-02 17:32:06','2017-01-02 17:32:06'),(128,43,'did_wrong','- Não batemos um goal por causa de uma pequena correção no tracking da Track & Field\r\n- Não estava claro o quão importante é batermos todos os goals\r\n- Falta de transparência dentro da equipe em relação ao cumprimento dos goals\r\n- Grande acúmulo de QAs relacionados ao tracking\r\n','2017-01-02 17:32:06','2017-01-02 17:32:06'),(129,43,'what_to_change','- Passar o olho em todos os Goals em todo os DMs\r\n- Não acumular um goal em uma pessoa apenas\r\n- Adicionar uma coluna de teste manual no Jira','2017-01-02 17:32:06','2017-01-02 17:32:06'),(130,45,'did_right','Equipe trocou muita informação e aprendizado em relação aos KPIs de produto\r\nConseguimos andar bem com funcionalidades que estavam paradas \"em verificação\". (campanha, evento na notificação e calendário)\r\nEnvolvimento de mais pessoas internamente para que a gente melhorasse nossa entrega do quick win (equipe de dados e clientes deram palpites e sugestões de melhorias o que fez com que a funcionalidade ficasse bem melhor no final)\r\n','2017-01-13 17:37:04','2017-01-13 17:37:04'),(131,45,'did_wrong','Sprint foi um pouco bagunçado pelo fato de estarmos no meio do planejamento do trimestre/semestre\r\nNão conseguimos planejar corretamente os tickets de Spike\r\nAlteração do escopo do ticket de calendário.\r\nJordan não foi incluído no ticket dos KPIs do produto\r\nVariamos muito horário do DM\r\nAlinhamento no dia do fechamento do sprint','2017-01-13 17:37:04','2017-01-13 17:37:04'),(132,45,'what_to_change','Dividir e definir melhor o objetivo de cada ticket de Spike\r\nSempre que alterar o escopo de um ticket, vamos fechar o ticket inicial e criar um novo, estimando e detalhando.\r\nCumprir o horário do DM\r\nNo dia anterior do fechamento, alinhar as tarefas pendentes e o foco de cada um na reta final','2017-01-13 17:37:04','2017-01-13 17:37:04'),(133,44,'did_right','- Fizemos o DM todos os dias com foco nos goals do sprint.','2017-01-16 15:39:40','2017-01-16 15:39:40'),(134,44,'did_wrong','- Cometemos alguns erros na estimativa de tickets.\r\n- A interação entre as equipes de clientes e tecnologia ainda não está 100%.','2017-01-16 15:39:40','2017-01-16 15:39:40'),(135,44,'what_to_change','- Envolver a todos do time de Dados quando surgirem demandas de outros times.\r\n- Fazer mais pair programming.','2017-01-16 15:39:40','2017-01-16 15:39:40'),(136,46,'did_right','- Pair programming\r\n- Time entrando em contato com tecnologias novas\r\n','2017-01-30 16:48:48','2017-01-30 16:48:48'),(137,46,'did_wrong','- MUITOS bugs em produção - GRAVIIIIISSIMO!!!!!\r\n- Grande parte dos SPs foram de tickets unplanned\r\n- Problemas no planejamento do sprint\r\n- Estimamos e colocamos no sprint a integração Sportpass sem saber a fundo a real complexidade da atividade\r\n- Testes no master não passaram','2017-01-30 16:48:48','2017-01-30 16:48:48'),(138,46,'what_to_change','- Criar indicadores de # bugs e # QA failed por sprint\r\n- Mindset de escrever/revisar códigos para serem mais robustos','2017-01-30 16:48:48','2017-01-30 16:48:48'),(139,47,'did_right','','2017-02-02 10:42:35','2017-02-02 10:42:35'),(140,47,'did_wrong','','2017-02-02 10:42:35','2017-02-02 10:42:35'),(141,47,'what_to_change','Devido as reuniões e urgência em cima do relatório não conseguimos fazer o nosso review. Não pode ocorrer isso!','2017-02-02 10:42:35','2017-02-02 10:42:35'),(142,48,'did_right','Todos os goals foram batidos no 1 Sprint do CC\r\nProcessos de QA e code review (PR)\r\nDividir os tickets em pequenas tarefas\r\nEvoluir melhor o desenvolvimento do CC durante o sprint (melhor do que dedicar 1 ou 2 dias aleatórios)\r\nComunicação da equipe durante o sprint','2017-02-06 17:17:51','2017-02-06 17:17:51'),(143,48,'did_wrong','Não fizemos DM todos os dias\r\nNão conseguimos prever todos os casos de uso para a integração do Mobile no CC','2017-02-06 17:17:51','2017-02-06 17:17:51'),(144,48,'what_to_change','Marcar no calendar um horário diário para DM\r\nAntes de todo Sprint, estudar e analisar o código que iremos modificar para evitar que fique coisas pendentes no planejamento\r\nDefinir melhor o escopo de cada ticket','2017-02-06 17:17:51','2017-02-06 17:17:51'),(145,48,'did_right','Todos os goals foram batidos no 1 Sprint do CC\r\nProcessos de QA e code review (PR)\r\nDividir os tickets em pequenas tarefas\r\nEvoluir melhor o desenvolvimento do CC durante o sprint (melhor do que dedicar 1 ou 2 dias aleatórios)\r\nComunicação da equipe durante o sprint','2017-02-06 17:23:25','2017-02-06 17:23:25'),(146,48,'did_wrong','Não fizemos DM todos os dias\r\nNão conseguimos prever todos os casos de uso para a integração do Mobile no CC','2017-02-06 17:23:25','2017-02-06 17:23:25'),(147,48,'what_to_change','Marcar no calendar um horário diário para DM\r\nAntes de todo Sprint, estudar e analisar o código que iremos modificar para evitar que fique coisas pendentes no planejamento\r\nDefinir melhor o escopo de cada ticket','2017-02-06 17:23:25','2017-02-06 17:23:25'),(148,50,'did_right','Equipe entregou mais do que o normal\r\nPair programming funciona muito bem\r\n','2017-02-14 12:20:35','2017-02-14 12:20:35'),(149,50,'did_wrong','Alguns ticket ficaram sem descrição\r\nFaltou contexto para o Parreiras entender melhor como funciona o fluxo do relatório\r\nComunicação de TI em relação a modificações gerais (Ex: Oraculo)\r\nFaltou spec\r\nNão ficou claro como fazer cada ticket\r\nMudança de foco na reta final do sprint\r\nAbordagem da ordem de desenvolver os ticket do sprint\r\n','2017-02-14 12:20:35','2017-02-14 12:20:35'),(150,50,'what_to_change','Detalhar melhor cada tarefa, indo a fundo no planejamento. Detalhamento da estrutura do código.\r\nMelhorar comunicação entre as equipes sempre que tiver uma alteração que afeta todos\r\nAlinhar com as equipes os dados do relatório mensal de TI. Todos devem participar.\r\nEm todo ticket a gente deixar claro que precisamos ter spec\r\nSempre olhar para o objetivo do sprint e não apenas para as tarefas. Dessa forma, conseguimos entregar valor, mesmo se tudo não estiver finalizado\r\n\r\n','2017-02-14 12:20:35','2017-02-14 12:20:35'),(151,52,'did_right','QA e review deram certo, barrando alguns possíveis bugs\r\nIntegração da Ana na equipe\r\nCriação de um ambiente staging','2017-02-15 12:53:05','2017-02-15 12:53:05'),(152,52,'did_wrong','QA de tickets dependentes demorou muito para ser finalizado\r\nDescrição de um ticket não deixou claro onde iriamos subir os usuários.\r\nO planejamento de alguns tickets deixou a desejar pois fizemos na pressa por falta de horário na sala\r\nExecutamos uma tarefa (criar ambiente staging) sem criar ticket e descreve-lo. ','2017-02-15 12:53:05','2017-02-15 12:53:05'),(153,52,'what_to_change','Responsável pelo ticket, cobrar do resto da equipe para fazer o QA\r\nSempre antes de iniciar um novo ticket, fazer todos QAs pendentes\r\nSempre que a gente ver um código que pode ser melhorado, criar um ticket no backlog para realizar essa melhoria\r\nNão deixar nenhum ticket sem o planejamento devido, independente se temos sala de reunião ou não.','2017-02-15 12:53:05','2017-02-15 12:53:05'),(154,49,'did_right','- acertamos na priorização e focamos nos principais goals\r\n- muita troca de conhecimento: de paula evoluiu em rspec, pair programming Allan e Serginho, Bigquery e Elasticsearch\r\n- ticket de otimização do calculo de conversão','2017-02-20 16:06:34','2017-02-20 16:06:34'),(155,49,'did_wrong','- os goals de higianização de base e importação vtex nao tiveram escopo bem definido\r\n- erramos na validação da base de Mizuno em Dev\r\n- problemas de comunicação com a equipe de Clientes\r\n- a base Livraria Florence ficou 2 semanas em espera na fila de TI, e quando chegou a sua vez descobrimos que os dados nao estavam no formato \r\n- Nao devemos usar a abordagem da milli: corrigir uma base errada é muito caro e arriscado\r\n','2017-02-20 16:06:34','2017-02-20 16:06:34'),(156,49,'what_to_change','- definir melhor o escopo de cada goal\r\n- fazer um checklist de integraçao (TI)\r\n- vamos lere e entender todo o código que estamos trabalhando','2017-02-20 16:06:34','2017-02-20 16:06:34'),(157,53,'did_right','Conseguimos absorver os tickets de Bugs\r\nOrdem de prioridade dos tickets ajudou a execução dos tickets','2017-03-06 18:12:51','2017-03-06 18:12:51'),(158,53,'did_wrong','Pedrinho ficou ausente, o que fez com que o Tannus ficasse 2 dias full na TIM\r\nNão funcionou a parte de aprovação do ticket que dependia de terceiros\r\nTicket de melhorar tela de editar aplicativo ficou muito grande. Com isso dificultou a execução da tarefa','2017-03-06 18:12:51','2017-03-06 18:12:51'),(159,53,'what_to_change','Aprovar o escopo antes de executar a tarefa\r\nQuebrar grandes tickets em pequenos tickets','2017-03-06 18:12:51','2017-03-06 18:12:51'),(160,54,'did_right','- Procedimento de benchmark antes de incluir o novo nó ES no cluster. (Data-driven).','2017-03-06 18:24:46','2017-03-06 18:24:46'),(161,54,'did_wrong','- Tickets não planejados não foram discutidos e priorizados com a equipe.\r\n\r\n- Gastamos tempo demais em algumas tarefas por falta de uma decisão ou concenso do time.\r\n\r\n- Tickets parados em QA muito tempo e dependência do Bailão para aprovar tickets.','2017-03-06 18:24:46','2017-03-06 18:24:46'),(162,54,'what_to_change','- Assumir que as demandas não planejadas que acontecerem no decorrer do sprint DEVEM SEMPRE ser discutidas entre a equipe.\r\n\r\n- Não ficar tempo demais a mesma tarefa. Sempre pensar em uma alternativa, pedir ajuda e pensar em solucionar o problema.\r\n\r\n- Ser mais críticos em nosso processo de QA. Cobrar que os QAs sejam feitos e separar um tempo para realizá-los.\r\n\r\n- Método cumbuca da arquitetura da Dito','2017-03-06 18:24:46','2017-03-06 18:24:46'),(163,55,'did_right','Todos participaram da estimativa (1x do Felipe)','2017-03-06 18:57:38','2017-03-06 18:57:38'),(164,55,'did_wrong','Não realizamos DM todos os dias :(\r\nNão conseguimos sala para review na sexta\r\nFaltou um \"guia\" para execução do ticket de Spike','2017-03-06 18:57:38','2017-03-06 18:57:38'),(165,55,'what_to_change','Marcar a sala para review quando iniciar o sprint (sexta)\r\nTer mais cobrança internamente em relação ao cumprimento do DM\r\nQuando tiver um ticket de Spike, vamos sempre colocar um passo a passo do que investigar','2017-03-06 18:57:38','2017-03-06 18:57:38'),(166,57,'did_right','\"Mini aula\" sobre o fluxo principal da equipe facilitou o entendimento do todo\r\nReunião de produto fez com que a gente alinhasse melhor as expectativas\r\nAdicionar tickets relativos a criação de e-mails (tannus e ana). Isso vai dar uma visibilidade melhor do que a equipe como um todo está fazendo\r\nTickets de backend foram bem detalhados\r\nFelipe conseguiu resolver tickets de Bug\r\nEntrada definitiva do Tannus e DePaula na equipe\r\n','2017-03-24 14:10:20','2017-03-24 14:10:20'),(167,57,'did_wrong','Não criamos ticket para algumas tarefas do dia a dia (exemplo: Ana ajudando o Tannus na tela de KPIs, DePaula configurando os ambientes de desenvolvimento)\r\nNão foi pensado no onboarding técnico do DePaula na equipe\r\nPlanejamento de um ticket foi feito sem alinhar com os envolvidos (André) se iriamos seguir no caminho escolhido\r\nTivemos um ticket grande\r\nFaltou mais contexto nos tickets relativos a layout\r\nEquipe não conseguiu absorver os ticket do Felipe, uma vez que ele estava focado em alguns bugs que surgiram durante o sprint','2017-03-24 14:10:20','2017-03-24 14:10:20'),(168,57,'what_to_change','Sempre que surgir algo fora do escopo do nosso sprint, criar um ticket e estima-lo junto com a equipe\r\nDocumentar as dependências (gems, mysql, ruby) da plataforma antiga para facilitar o onboarding técnico de novas pessoas na equipe\r\nQuebrar tickets grandes em pequenos tickets (NOVAMENTE)\r\nDescrever melhor os tickets relativos a layout','2017-03-24 14:10:20','2017-03-24 14:10:20'),(169,56,'did_right','- Comunicação na equipe favoreceu a inclusão do Parreiras.\r\n\r\n- Pair programming em QAs e alguns tickets.\r\n','2017-03-24 18:45:57','2017-03-24 18:45:57'),(170,56,'did_wrong','- RECORRENTE: Gastamos tempo demais com algumas tarefas que poderiam ser resolvidas mais rapidamente pedindo ajuda ou \"pensando fora da caixa\".\r\n\r\n- Muitos QAs voltaram.\r\n','2017-03-24 18:45:57','2017-03-24 18:45:57'),(171,56,'what_to_change','- Tentar solucionar o ticket no caminho mais simples.\r\n\r\n- Investir mais tempo em testes automáticos antes de submeter um ticket a QA.','2017-03-24 18:45:57','2017-03-24 18:45:57'),(172,58,'did_right','Pair programming na reta final para realizar as entregas\r\nPriorização das tarefas (R$)\r\nPlanejamento foi bem feito','2017-04-07 18:05:24','2017-04-07 18:05:24'),(173,58,'did_wrong','Falta de comunicação com a área de clientes (onboarding)\r\nPrometemos muitos goals e não conseguimos cumpri-los\r\nInterrupções demasiadas durante o nosso dia a dia','2017-04-07 18:05:24','2017-04-07 18:05:24'),(174,58,'what_to_change','Alinhar backend e frontend antes de implementar um ticket de integração\r\nManduca irá participar dos DMs\r\nPrometer apenas o que temos certeza que é prioridade\r\nNos DMs iremos falar dos goals','2017-04-07 18:05:24','2017-04-07 18:05:24'),(175,59,'did_right','Priorização na entrega do POP Fidelidade\r\n','2017-04-07 18:56:24','2017-04-07 18:56:24'),(176,59,'did_wrong','Não seguimos corretamente nosso processo de sprint.\r\nPlanejamento do sprint ficou a desejar.\r\nAlguns tickets ficaram com escopo mal detalhado.\r\n','2017-04-07 18:56:24','2017-04-07 18:56:24'),(177,59,'what_to_change','Troca de sprints vai começar a acontecer quinta/sexta\r\nFazer rápido review ticket a ticket antes de escrever os aprendizados do review.\r\n','2017-04-07 18:56:24','2017-04-07 18:56:24'),(178,61,'did_right','- Bom trabalho como equipe \\o/\r\n  - Pair programming e ajuda mútua com os tickets.\r\n  -  2 (3, ou 4) cabeças pensam MUITO melhor do que apenas 1\r\n\r\n- Planejamento dos tickets foi bem feito (planning foi bem feito);\r\n  - Planning 2 de um ticket de mudança no Dashboard ajudou muito a fluir melhor (tendo um contexto mais claro, o desenvolvimento fica muito mais fácil)\r\n\r\n\r\n','2017-04-24 14:01:03','2017-04-24 14:01:03'),(179,61,'did_wrong','- Priorização indevida ao realizar atividades que não eram prioridades do sprint;\r\n- Relutância em pedir ajuda ao se deparar com um ticket em que não se tinha domínio técnico;\r\n- Não matamos tickets eternos que vêm se extendendo por vários sprints;\r\n- Interpretação errada de documentação (do Lodash)\r\n','2017-04-24 14:01:03','2017-04-24 14:01:03'),(180,61,'what_to_change','- Tomar mais cuidado e focar nas atividades prioritárias;\r\n- Em caso de dúvida de algum ticket, pedir ajuda à equipe;\r\n- Não adiar tickets que já vem se extendendo. Matá-los o quanto antes;\r\n- Quando formos usar alguma tecnologia que não temos o hábito, tomar muito cuidado com a documentação.','2017-04-24 14:01:03','2017-04-24 14:01:03'),(181,60,'did_right','Conseguimos absorver os unplanneds\r\nUsamos pelo primeira vez a Dito como parte da nossa solução (régua de relacionamento com clientes internos)\r\nSeguimos nosso processo de produto nas nossas entregas\r\nO estudo feito pelo DePaula anteriormente, ajudou ele a entregar os seus primeiros tickets relacionados a plataforma antiga.','2017-04-24 18:41:56','2017-04-24 18:41:56'),(182,60,'did_wrong','Ana se sentiu desmotivada. Pelo fato dela estar ajudando o André durante o sprint, acabou que ela não teve nada planejado e desafiador.\r\nFelipe ficou distraído pelo fato de ter entregas importantes da faculdade durante nosso sprint\r\nFaltou planejamento nos tickets que são de responsabilidade individual','2017-04-24 18:41:56','2017-04-24 18:41:56'),(183,60,'what_to_change','Sempre que uma pessoa da equipe, entrar no meio do sprint, realinhar as prioridades e os tickets\r\nQuando for ter algo externo que possa diminuir a velocidade de entrega do sprint, alinhar com a equipe para que não prometemos mais do que entregamos\r\nNos projetos que tiverem um \"dono\",  o dono deverá puxar a parte de planejamento dos seus ticket, envolvendo +1 pessoa da equipe','2017-04-24 18:41:56','2017-04-24 18:41:56'),(184,63,'did_right','- Erramos feio, rude no caso de não merjar o branch do dashboard com o CustomData, mas aprendemos com isso, levando a uma pressão interna da equipe para merjar as mudanças do LiveSerivce.\r\n- Produtividade e forma de resolver os problemas foram supimpa.\r\n- Pair programming funcionou muito bem! (a equipe está trabalhando como um elemento \\o/)\r\n- Serginho, ao agarrar em algum ticket, está pedindo ajuda!!!!!\r\n- Serginho, que ainda não é tão familiarizado com specs, pegou vários tickets disso e mandou bem!\r\n- Não demos deploy na sexta-feira à tarde, esperando até o próximo dia útil para não correr risco de colocar algo com bug em produção.\r\n- Reatribuição de tickets funcionou bem. Quando alguém estava mais tranquilo, pegava outros tickets que não estavam atribuídos a ele.','2017-05-04 14:50:26','2017-05-04 14:50:26'),(185,63,'did_wrong','- Não criamos o Sprint no Sprintify\r\n  - Executamos o sprint sem goals e prazos previamente definidos;\r\n- Liberar versões não estáveis em produção (caso de atualizar as Queries e Live - influenciou tela de segmentação)\r\n- Na atualização do Custom Data, demos deploy do dashboard do branch com as alterações, mas não merjamos no  master, o que levou após, após um novo deploy, a não mais fazer consultas ao CustomDataService\r\n- Falta de alinhamento num ticket que veio do CC e que não era de fato necessário, levando a um investimento de tempo em algo que não era necessário e não foi para produção.\r\n- Trabalho remoto do Allan não rendeu como o presencial\r\n','2017-05-04 14:50:26','2017-05-04 14:50:26'),(186,63,'what_to_change','- Criar o sprint no Sprintfy no início do sprint.\r\n- Iniciar o sprint já com goals e prazos bem definidos\r\n- Tomar mais cuidado ao liberar versões em produção. Só mover ticket para Done depois de validar as alterações.','2017-05-04 14:50:26','2017-05-04 14:50:26'),(187,62,'did_right','Ana fez seus primeiros tickets no dashboard (angular)\r\nConseguimos acelerar as entregas, pelo fato de cada um estar assumindo mais responsabilidades dentro da equipe\r\nForça tarefa com a equipe de dados para acelerar entrega do importador #valeuDados\r\nConseguimos absorver todas tarefas externas\r\nPriorização das tarefas evitou de ter troca de contexto, fazendo com que a equipe rendesse mais\r\nToda equipe conseguiu entregar pra caralho! Estamos evoluindo a cada sprint\r\nEquipe está menos dependente do Diley (pela primeira vez a equipe inteira entregou mais que o Diley)','2017-05-08 18:36:03','2017-05-08 18:36:03'),(188,62,'did_wrong','Falta de atenção na hora de subir o QA\r\nNão estamos propondo nada fora da caixa ao executar nossos tickets\r\nMudamos um fluxo sem pensar em tudo que envolve essa mudança','2017-05-08 18:36:03','2017-05-08 18:36:03'),(189,62,'what_to_change','Antes de avisar a equipe que tem um QA pendente, vamos garantir que o QA está funcionando corretamente (pensar como se fosse fazer o QA)\r\nToda a equipe deve contribuir com novas ideias\r\nNo planejamento de cada tarefa, estudar o fluxo completo para tentar achar possíveis falhas\r\nO responsável por cada tarefa, irá descrever o seu ticket','2017-05-08 18:36:03','2017-05-08 18:36:03'),(190,64,'did_right','- Sprint data-driven (duração calculada com base na complexidade dos goals, SP\'s planejados e produtividade diária de cada membro do time).\r\n\r\n- Pair-programming.\r\n\r\n- Pegamos um erro importante durante o processo de QA-Review (Importador não funcionaria no HTTPs).\r\n','2017-05-17 19:58:33','2017-05-17 19:58:33'),(191,64,'did_wrong','- Erro no planejamento de alguns tickets para representar a real prioridade (colocar o HTTPS no dashboard).\r\n\r\n- Daily Meeting não aconteceu todos os dias. Problemas poderiam ser discutidos nos DMs e passaram batido.\r\n\r\n- Ticket que demandava QA foi criado como task (Analisar softbounces no BQ).','2017-05-17 19:58:33','2017-05-17 19:58:33'),(192,64,'what_to_change','- Distribuir melhor os goals e os tickets relacionados entre os membros da equipe (2 goals na mão do Parreiras).\r\n\r\n- Analisar os goals do sprint ao iniciar cada ticket, priorizando os mais relacionados aos goals e os que são pré-requisitos para os demais tickets.\r\n\r\n- DMs orientados aos goals e prioridades.\r\n\r\n- Mudar os DMs para as 14. OBEDECER O HORÁRIO!\r\n\r\n- Não assumir demandas urgentes sem contexto MUITO bem definido. (Query de #assinantes do SBT).\r\n\r\n- Usar melhor o nosso backlog (ao lembrar de uma demanda durante o sprint, criar um ticket no backlog para ser discutido no próximo Sprint Planning).','2017-05-17 19:58:33','2017-05-17 19:58:33'),(193,64,'did_right','- Sprint data-driven (duração calculada com base na complexidade dos goals, SP\'s planejados e produtividade diária de cada membro do time).\r\n\r\n- Pair-programming.\r\n\r\n- Pegamos um erro importante durante o processo de QA-Review (Importador não funcionaria no HTTPs).\r\n','2017-05-17 19:59:32','2017-05-17 19:59:32'),(194,64,'did_wrong','- Erro no planejamento de alguns tickets para representar a real prioridade (colocar o HTTPS no dashboard).\r\n\r\n- Daily Meeting não aconteceu todos os dias. Problemas poderiam ser discutidos nos DMs e passaram batido.\r\n\r\n- Ticket que demandava QA foi criado como task (Analisar softbounces no BQ).','2017-05-17 19:59:32','2017-05-17 19:59:32'),(195,64,'what_to_change','- Distribuir melhor os goals e os tickets relacionados entre os membros da equipe (2 goals na mão do Parreiras).\r\n\r\n- Analisar os goals do sprint ao iniciar cada ticket, priorizando os mais relacionados aos goals e os que são pré-requisitos para os demais tickets.\r\n\r\n- DMs orientados aos goals e prioridades.\r\n\r\n- Mudar os DMs para as 14. OBEDECER O HORÁRIO!\r\n\r\n- Não assumir demandas urgentes sem contexto MUITO bem definido. (Query de #assinantes do SBT).\r\n\r\n- Usar melhor o nosso backlog (ao lembrar de uma demanda durante o sprint, criar um ticket no backlog para ser discutido no próximo Sprint Planning).','2017-05-17 19:59:32','2017-05-17 19:59:32'),(196,64,'did_right','- Sprint data-driven (duração calculada com base na complexidade dos goals, SP\'s planejados e produtividade diária de cada membro do time).\r\n\r\n- Pair-programming.\r\n\r\n- Pegamos um erro importante durante o processo de QA-Review (Importador não funcionaria no HTTPs).\r\n','2017-05-17 20:12:04','2017-05-17 20:12:04'),(197,64,'did_wrong','- Erro no planejamento de alguns tickets para representar a real prioridade (colocar o HTTPS no dashboard).\r\n\r\n- Daily Meeting não aconteceu todos os dias. Problemas poderiam ser discutidos nos DMs e passaram batido.\r\n\r\n- Ticket que demandava QA foi criado como task (Analisar softbounces no BQ).','2017-05-17 20:12:04','2017-05-17 20:12:04'),(198,64,'what_to_change','- Distribuir melhor os goals e os tickets relacionados entre os membros da equipe (2 goals na mão do Parreiras).\r\n\r\n- Analisar os goals do sprint ao iniciar cada ticket, priorizando os mais relacionados aos goals e os que são pré-requisitos para os demais tickets.\r\n\r\n- DMs orientados aos goals e prioridades.\r\n\r\n- Mudar os DMs para as 14. OBEDECER O HORÁRIO!\r\n\r\n- Não assumir demandas urgentes sem contexto MUITO bem definido. (Query de #assinantes do SBT).\r\n\r\n- Usar melhor o nosso backlog (ao lembrar de uma demanda durante o sprint, criar um ticket no backlog para ser discutido no próximo Sprint Planning).','2017-05-17 20:12:04','2017-05-17 20:12:04'),(199,65,'did_right','Ter um backlog estimado e priorizado\r\nTrabalho em equipe foi muito bom (um ajudando o outro a finalizar os tickets)\r\nFelipe ajudou pela primeira vez nas integrações e bases \\o/\r\nGanhamos uma nova pessoa pensando no problema de integração e base (Felipe)','2017-05-23 17:55:50','2017-05-23 17:55:50'),(200,65,'did_wrong','Correria para subir importador\r\nCriamos um ticket genérico que nunca tem fim (Ex: Melhorias importador)\r\nNão planejamos um ticket \"unplanned\"\r\nDeixamos várias pequenas tarefas serem executados sem criação de ticket\r\nEstamos propondo um prazo para o cliente final sem antes entender a fundo o que tem que ser feito (Ex: Eudora, UATT, etc)','2017-05-23 17:55:50','2017-05-23 17:55:50'),(201,65,'what_to_change','Não fugir do planejamento na hora de lançar uma funcionalidade\r\nCriar pequenos tickets bem definidos para não existir um ticket generico\r\nNunca adicionar um ticket no meio do sprint sem planejamento, principalmente quando for um ticket critico\r\nNão executar uma tarefa sem criar um ticket previamente\r\nEstudar o fundo o problema do cliente (base, integração, etc) antes de propor uma data\r\nIremos fazer um talk para a equipe explicando o que é a integração e suas peculiaridades','2017-05-23 17:55:50','2017-05-23 17:55:50'),(202,65,'did_right','Ter um backlog estimado e priorizado\r\nTrabalho em equipe foi muito bom (um ajudando o outro a finalizar os tickets)\r\nFelipe ajudou pela primeira vez nas integrações e bases \\o/\r\nGanhamos uma nova pessoa pensando no problema de integração e base (Felipe)','2017-05-23 17:56:29','2017-05-23 17:56:29'),(203,65,'did_wrong','Correria para subir importador\r\nCriamos um ticket genérico que nunca tem fim (Ex: Melhorias importador)\r\nNão planejamos um ticket \"unplanned\"\r\nDeixamos várias pequenas tarefas serem executados sem criação de ticket\r\nEstamos propondo um prazo para o cliente final sem antes entender a fundo o que tem que ser feito (Ex: Eudora, UATT, etc)','2017-05-23 17:56:29','2017-05-23 17:56:29'),(204,65,'what_to_change','Não fugir do planejamento na hora de lançar uma funcionalidade\r\nCriar pequenos tickets bem definidos para não existir um ticket generico\r\nNunca adicionar um ticket no meio do sprint sem planejamento, principalmente quando for um ticket critico\r\nNão executar uma tarefa sem criar um ticket previamente\r\nEstudar o fundo o problema do cliente (base, integração, etc) antes de propor uma data\r\nIremos fazer um talk para a equipe explicando o que é a integração e suas peculiaridades','2017-05-23 17:56:29','2017-05-23 17:56:29'),(205,65,'did_right','Ter um backlog estimado e priorizado\r\nTrabalho em equipe foi muito bom (um ajudando o outro a finalizar os tickets)\r\nFelipe ajudou pela primeira vez nas integrações e bases \\o/\r\nGanhamos uma nova pessoa pensando no problema de integração e base (Felipe)','2017-05-23 21:54:25','2017-05-23 21:54:25'),(206,65,'did_wrong','Correria para subir importador\r\nCriamos um ticket genérico que nunca tem fim (Ex: Melhorias importador)\r\nNão planejamos um ticket \"unplanned\"\r\nDeixamos várias pequenas tarefas serem executados sem criação de ticket\r\nEstamos propondo um prazo para o cliente final sem antes entender a fundo o que tem que ser feito (Ex: Eudora, UATT, etc)','2017-05-23 21:54:25','2017-05-23 21:54:25'),(207,65,'what_to_change','Não fugir do planejamento na hora de lançar uma funcionalidade\r\nCriar pequenos tickets bem definidos para não existir um ticket generico\r\nNunca adicionar um ticket no meio do sprint sem planejamento, principalmente quando for um ticket critico\r\nNão executar uma tarefa sem criar um ticket previamente\r\nEstudar o fundo o problema do cliente (base, integração, etc) antes de propor uma data\r\nIremos fazer um talk para a equipe explicando o que é a integração e suas peculiaridades','2017-05-23 21:54:25','2017-05-23 21:54:25'),(208,65,'did_right','Ter um backlog estimado e priorizado\r\nTrabalho em equipe foi muito bom (um ajudando o outro a finalizar os tickets)\r\nFelipe ajudou pela primeira vez nas integrações e bases \\o/\r\nGanhamos uma nova pessoa pensando no problema de integração e base (Felipe)','2017-05-23 22:02:00','2017-05-23 22:02:00'),(209,65,'did_wrong','Correria para subir importador\r\nCriamos um ticket genérico que nunca tem fim (Ex: Melhorias importador)\r\nNão planejamos um ticket \"unplanned\"\r\nDeixamos várias pequenas tarefas serem executados sem criação de ticket\r\nEstamos propondo um prazo para o cliente final sem antes entender a fundo o que tem que ser feito (Ex: Eudora, UATT, etc)','2017-05-23 22:02:00','2017-05-23 22:02:00'),(210,65,'what_to_change','Não fugir do planejamento na hora de lançar uma funcionalidade\r\nCriar pequenos tickets bem definidos para não existir um ticket generico\r\nNunca adicionar um ticket no meio do sprint sem planejamento, principalmente quando for um ticket critico\r\nNão executar uma tarefa sem criar um ticket previamente\r\nEstudar o fundo o problema do cliente (base, integração, etc) antes de propor uma data\r\nIremos fazer um talk para a equipe explicando o que é a integração e suas peculiaridades','2017-05-23 22:02:00','2017-05-23 22:02:00'),(211,65,'did_right','Ter um backlog estimado e priorizado\r\nTrabalho em equipe foi muito bom (um ajudando o outro a finalizar os tickets)\r\nFelipe ajudou pela primeira vez nas integrações e bases \\o/\r\nGanhamos uma nova pessoa pensando no problema de integração e base (Felipe)','2017-05-23 22:22:25','2017-05-23 22:22:25'),(212,65,'did_wrong','Correria para subir importador\r\nCriamos um ticket genérico que nunca tem fim (Ex: Melhorias importador)\r\nNão planejamos um ticket \"unplanned\"\r\nDeixamos várias pequenas tarefas serem executados sem criação de ticket\r\nEstamos propondo um prazo para o cliente final sem antes entender a fundo o que tem que ser feito (Ex: Eudora, UATT, etc)','2017-05-23 22:22:25','2017-05-23 22:22:25'),(213,65,'what_to_change','Não fugir do planejamento na hora de lançar uma funcionalidade\r\nCriar pequenos tickets bem definidos para não existir um ticket generico\r\nNunca adicionar um ticket no meio do sprint sem planejamento, principalmente quando for um ticket critico\r\nNão executar uma tarefa sem criar um ticket previamente\r\nEstudar o fundo o problema do cliente (base, integração, etc) antes de propor uma data\r\nIremos fazer um talk para a equipe explicando o que é a integração e suas peculiaridades','2017-05-23 22:22:25','2017-05-23 22:22:25'),(214,65,'did_right','Ter um backlog estimado e priorizado\r\nTrabalho em equipe foi muito bom (um ajudando o outro a finalizar os tickets)\r\nFelipe ajudou pela primeira vez nas integrações e bases \\o/\r\nGanhamos uma nova pessoa pensando no problema de integração e base (Felipe)','2017-05-23 22:24:19','2017-05-23 22:24:19'),(215,65,'did_wrong','Correria para subir importador\r\nCriamos um ticket genérico que nunca tem fim (Ex: Melhorias importador)\r\nNão planejamos um ticket \"unplanned\"\r\nDeixamos várias pequenas tarefas serem executados sem criação de ticket\r\nEstamos propondo um prazo para o cliente final sem antes entender a fundo o que tem que ser feito (Ex: Eudora, UATT, etc)','2017-05-23 22:24:19','2017-05-23 22:24:19'),(216,65,'what_to_change','Não fugir do planejamento na hora de lançar uma funcionalidade\r\nCriar pequenos tickets bem definidos para não existir um ticket generico\r\nNunca adicionar um ticket no meio do sprint sem planejamento, principalmente quando for um ticket critico\r\nNão executar uma tarefa sem criar um ticket previamente\r\nEstudar o fundo o problema do cliente (base, integração, etc) antes de propor uma data\r\nIremos fazer um talk para a equipe explicando o que é a integração e suas peculiaridades','2017-05-23 22:24:19','2017-05-23 22:24:19'),(217,65,'did_right','Ter um backlog estimado e priorizado\r\nTrabalho em equipe foi muito bom (um ajudando o outro a finalizar os tickets)\r\nFelipe ajudou pela primeira vez nas integrações e bases \\o/\r\nGanhamos uma nova pessoa pensando no problema de integração e base (Felipe)','2017-05-23 22:27:20','2017-05-23 22:27:20'),(218,65,'did_wrong','Correria para subir importador\r\nCriamos um ticket genérico que nunca tem fim (Ex: Melhorias importador)\r\nNão planejamos um ticket \"unplanned\"\r\nDeixamos várias pequenas tarefas serem executados sem criação de ticket\r\nEstamos propondo um prazo para o cliente final sem antes entender a fundo o que tem que ser feito (Ex: Eudora, UATT, etc)','2017-05-23 22:27:20','2017-05-23 22:27:20'),(219,65,'what_to_change','Não fugir do planejamento na hora de lançar uma funcionalidade\r\nCriar pequenos tickets bem definidos para não existir um ticket generico\r\nNunca adicionar um ticket no meio do sprint sem planejamento, principalmente quando for um ticket critico\r\nNão executar uma tarefa sem criar um ticket previamente\r\nEstudar o fundo o problema do cliente (base, integração, etc) antes de propor uma data\r\nIremos fazer um talk para a equipe explicando o que é a integração e suas peculiaridades','2017-05-23 22:27:20','2017-05-23 22:27:20'),(220,67,'did_right','- priorizamos corretamente os ticket relacionados ao Goal\r\n- organização pros deploys no final do sprint: combinamos a partir das 15h deveríamos focar nos QAs e deploy.\r\n- planejamento data-drive e ousado: estimamos quanto cada pessoa teria capacidade de entregar, jogando um pouco pra cima\r\n- Deadpool ficou com o Allan e Iron Man ficou com o Bailao','2017-05-25 16:30:50','2017-05-25 16:30:50'),(221,67,'did_wrong','- sprints muito curtos sofrem mais com contratempos (internet caindo, OLAs, etc)\r\n- tickets sem descrição\r\n- o planejamento e divisao de ticket do sprint foi finalizada pelo Bailao e Serginho apenas','2017-05-25 16:30:50','2017-05-25 16:30:50'),(222,67,'what_to_change','- quebrar ticket quando as mudanças são em vários projetos\r\n- todos os tickets criados no JIRA devem conter pelo menos uma breve descriçao\r\n- discussao aberta pra decidir quem ganha Deadpool e Iron Man','2017-05-25 16:30:50','2017-05-25 16:30:50'),(223,68,'did_right','','2017-06-05 15:23:49','2017-06-05 15:23:49'),(224,68,'did_wrong','','2017-06-05 15:23:49','2017-06-05 15:23:49'),(225,68,'what_to_change','','2017-06-05 15:23:49','2017-06-05 15:23:49'),(226,66,'did_right','- outras pessoas pegando erros no code review\r\n- pensar fora da caixa: resolver tickets sem escrever código e executar algo melhor do que está descrito no ticket','2017-06-07 19:51:47','2017-06-07 19:51:47'),(227,66,'did_wrong','- planejamento e execução de tickets sem entendimento completo do contexto em que os mesmos estão inseridos\r\n- deploys dependentes do bailao\r\n- recursão infinita no controller em produção','2017-06-07 19:51:47','2017-06-07 19:51:47'),(228,66,'what_to_change','- sempre entender 100% do contexto, impactos e dependencias que a resolução de um ticket envolve\r\n- distribuir processo de deploy entre os integrantes do time\r\n- nao colocar uma recursão infinita no controller','2017-06-07 19:51:47','2017-06-07 19:51:47'),(229,69,'did_right','Melhoramos nosso conhecimento na nossa SDK JS\r\nEstudamos o problema a fundo antes de dar a solução e com isso resolvemos esse problema de forma fácil e barata (end-if)\r\nMesmo com a ausência do Tannus (férias) não deixamos de evoluir o produto\r\nCom o reforço de uma terceira pessoa (Sarah), a Ana conseguir pela primeira vez ser a que mais entregou no sprint :)','2017-06-19 18:51:45','2017-06-19 18:51:45'),(230,69,'did_wrong','Falta de alinhamento com cliente para realização da integração técnica.\r\nContinuamos recebendo e-mails de ultima hora para cortar mesmo com um fornecedor sendo pago pela Dito.\r\nEsbarramos em um problema e não pensamos de forma diferente (fora da caixa) para resolver-lo\r\nAusência de pessoas da equipe sem alinhamento com o restante da equipe','2017-06-19 18:51:45','2017-06-19 18:51:45'),(231,69,'what_to_change','Precisamos repensar nosso processo de integração para evitar falhas e dependência de terceiros.\r\nTemos que rever esse fluxo de cortar e-mails. NÃO está bom.\r\nEnvolver mais o time para resolver os problemas do dia a dia\r\nAlinhar as ausências com toda equipe com antecedência\r\n\r\n','2017-06-19 18:51:45','2017-06-19 18:51:45'),(232,70,'did_right','- Planning muito bem feito facilitou a execução de tickets críticos de remoção de código.','2017-06-21 15:03:19','2017-06-21 15:03:19'),(233,70,'did_wrong','- Não escopamos previamente a entrega de RFM.\r\n- Deploy que não seguiu o processo gerou retrabalho para a equipe\r\n- Não fizemos DM todos os dias.','2017-06-21 15:03:19','2017-06-21 15:03:19'),(234,70,'what_to_change','- Envolver mais membros da equipe nas soluções propostas (ex: RFM).\r\n- Assumir o compromisso de enviar os relatórios semanal/mensal de TI e cumprir (independente de quem fizer o relatório).\r\n- Alterar horário do DM para as 16h\r\n- DM cronometrado e focado em o que foi feito/ o que está sendo feito/ impedimentos.','2017-06-21 15:03:19','2017-06-21 15:03:19'),(235,71,'did_right','Felipe está cada vez mais conseguindo ajudar em suporte / bug e desafogando o Diley\r\nDividimos bem os tickets facilitando o desenvolvimento\r\nTrabalho em equipe e entre equipes funcionou muito bem para entrega do RFM para a Chilli','2017-07-03 19:29:16','2017-07-03 19:29:16'),(236,71,'did_wrong','Não dedicamos tempo suficiente para planejar um tarefa antes de executa-la\r\nPor conta do pouco tempo de entrega do RFM e de várias demanda externas (Tim Beta, E-mails, Bugs), não seguimos nosso fluxo correto de desenvolvimento, trabalhando um pouco desorganizado\r\nPassamos uma parte importante do sprint e da Dito para um membro que estava em transição para  outra empresa e isso gerou erro grave + não bater o goal\r\nTannus e Ana continuam cortando e-mails','2017-07-03 19:29:16','2017-07-03 19:29:16'),(237,71,'what_to_change','Precisamos dedicar mais tempo para planejar um tarefa antes de executa-la\r\nPrecisamos trabalhar melhor e mais organizado sob pressão\r\nPrecisamos ter um backlog maior\r\nNão passar responsabilidades para pessoas em transição para fora da Dito\r\nTemos que definir como será a parte de corte de e-mails pois está gastando muito tempo da nossa equipe','2017-07-03 19:29:16','2017-07-03 19:29:16'),(238,72,'did_right','- Entrega do MVP de RFM foi entregue no prazo','2017-07-10 21:06:55','2017-07-10 21:06:55'),(239,72,'did_wrong','- Bugs passando pelo QA: mudança para sha1_secret, arquivo de config do sidekiq dando require nos workers num diretorio errado\r\n- Fizemos um ticket atoa (Rota index de apps no Social Analytics),  pois nao foi utilizado pra nada\r\n- Nao deixamos gordura no planning\r\n- QAs demoraram muito pra serem aprovados\r\n- Dois tickets que sao dependencia de todo o resto agarraram as entregas (Rotas e Mongo Service)\r\n- FOCA!\r\n- Executar tarefas que nao sao prioridades do sprint\r\n- Falta de aprofundamento nos code reviews\r\n- Muitas horas extra foram feitas para tentar manter com o prazo','2017-07-10 21:06:55','2017-07-10 21:06:55'),(240,72,'what_to_change','- Sempre marcar uma estrelinha nos tickets que sao dependencia\r\n- Maior comprometimento com as entregas\r\n- Sempre replanejar os tickets faltantes em caso de falha no sprint','2017-07-10 21:06:55','2017-07-10 21:06:55'),(241,73,'did_right','Envolver o Éden no planejamento inicial dos quick wins deu uma visão melhor para a equipe dos objetivos\r\nCriamos um processo para medir tempo que gastamos com corte de e-mails\r\nAutonomia da equipe para entregar quick wins gerando muito valor para o cliente','2017-07-18 14:11:53','2017-07-18 14:11:53'),(242,73,'did_wrong','Não consideramos o tempo para entendimento dos códigos legados da Dito para execução de novas tarefas\r\nNão conseguimos priorizar a ordem de execução das tarefas','2017-07-18 14:11:53','2017-07-18 14:11:53'),(243,73,'what_to_change','Envolver quem tem maior conhecimento no fluxo na hora de planejar a execução de tickets que trabalham com código legado\r\nApós criarmos os tickets e detalhar, sentar com mais pessoas da equipe para planejar a ordem de execução de cada tarefa','2017-07-18 14:11:53','2017-07-18 14:11:53'),(244,74,'did_right','- Avançar em outros tickets quando acontece um impedimento\r\n- Conseguimos entragar tudo no prazo planejado\r\n- Interromper o colega pedindo ajuda quando realmente faz sentido','2017-07-21 20:26:35','2017-07-21 20:26:35'),(245,74,'did_wrong','- Mudamos a prioridade para a migração antes de garntir que a entrega do RFM estava pronta\r\n- Deixamos em QA 2 tickets que nao funcionavam\r\n- Nos comunicamos mal no sprint e nao fizemos todos os DMs\r\n- Negligenciar indicios de erro em produção (taxa de indexação caiu pela metade no Autocomplete Elasticsearch)\r\n- Fizemos o planning poker sem abrir o código de projetos desconhecidos\r\n- Repetimos o erro de nao pedir ajuda pra pessoa certa, ocasionando atraso\r\n- Se o foco era manter 2 clusters ligados pelo menor tempo possível, deveríamos ter planejado mais a fundo as execuções\r\n- Gastar muito tempo no mesmo ticket \r\n- Não respeitamos o processo de deploy','2017-07-21 20:26:35','2017-07-21 20:26:35'),(246,74,'what_to_change','- Sempre atacar a prioridade\r\n- Nao podemos deixar em QA algo que não funciona\r\n- Melhorar ao processo de deploy no kubernetes\r\n- Dar o contexto e urgencia na hora de pedir ajuda, tornando a interrupção do colega algo que valha a pena\r\n- Entender exatamente os riscos das operações em produção','2017-07-21 20:26:35','2017-07-21 20:26:35'),(250,76,'did_right','- Otimo brainstorm no planejamento do RFM\r\n- A sacada de separar novos entrantes surgiu no planning','2017-08-01 20:38:58','2017-08-01 20:38:58'),(251,76,'did_wrong','- Deixamos de entregar algo totalmente viavel e que agregaria valor (faixa etaria)\r\n- Dividir os esforços do time na segunda para tentar entregar a agregação de faixa etaria\r\n- Faltou alinhamento com os membros da equipe que não participaram de todo o planning','2017-08-01 20:38:58','2017-08-01 20:38:58'),(252,76,'what_to_change','- Sempre trazer pro time o planejamento da execução dos projetos, e nao focar tudo em poucas pessoas','2017-08-01 20:38:59','2017-08-01 20:38:59'),(253,75,'did_right','Conseguimos finalizar uma entrega (Tim Beta) antes do prazo combinado\r\nEquipe conseguiu ser mais autônoma para desenvolver e entregar os Quick Win\r\nBacklog de Quick Win funcionou e equipe não teve que parar quando terminava uma tarefa\r\nClareza nas tarefas está facilitando para a equipe entregar cada vez mais\r\nDiley está cada vez menos tendo que assumir tickets do sprint','2017-08-03 16:40:50','2017-08-03 16:40:50'),(254,75,'did_wrong','Não fizemos o review na data correta\r\nPerdemos 2 dias do sprint para configurar o ambiente do Tim Beta\r\nNão consideramos na estimativa a dificuldade que teríamos para testar funcionalidades criticas.\r\nNão priorizamos os QAs corretamente, o que fez com que algumas pessoas não entregassem todos os tickets feitos.','2017-08-03 16:40:50','2017-08-03 16:40:50'),(255,75,'what_to_change','Marcar data do review no inicio do sprint\r\nPrecisamos documentar o processo de setup do Tim Beta para evitar de perdermos tempo configurando\r\nSempre pensar no que teremos que fazer para testar cada ticket antes de estima-lo\r\nPrecisamos ter previsibilidade nos QAs. Somente dessa forma iremos conseguir remover o problema de tickets parado em QA.','2017-08-03 16:40:50','2017-08-03 16:40:50'),(256,77,'did_right','Envolvemos mais de um time para resolução dos quickwins\r\nConseguimos seguir nosso fluxo de trabalho corretamente (principalmente git)\r\nMembros da equipe trabalhando com novas partes do sistema da Dito (saindo da zona de conforto)','2017-08-14 18:50:13','2017-08-14 18:50:13'),(257,77,'did_wrong','Não definimos objetivo do Spike\r\nDefinimos (Diley) muitos objetivos para 1 sprint','2017-08-14 18:50:13','2017-08-14 18:50:13'),(258,77,'what_to_change','Toda entrega tem que ter um objetivo claro\r\nColocar epicos em todos tickets\r\nNão tentar abraçar o mundo e ser mais realista com as entregas\r\nTickets só serão DONE quando a entrega tiver realizada e gerando valor para o cliente. Equipe irá trabalhar junto nos objetivos.','2017-08-14 18:50:13','2017-08-14 18:50:13'),(259,78,'did_right','- Executamos o Dedo Duro seguindo um padrão parecido','2017-08-14 20:39:34','2017-08-14 20:39:34'),(260,78,'did_wrong','- Nao batemos 1 goal\r\n- Executamos sem validar a solução com a equipe\r\n- Má definição e comunicação sobre escopo do Dedo Duro\r\n- Faltou alinhamento de expectativas sobre a aprensetação do Dedo Duro na reunião\r\n- Falta de foco atrasou algumas entregas','2017-08-14 20:39:34','2017-08-14 20:39:34'),(261,78,'what_to_change','- Pensar na produtividade do time MAIS do que na produtividade individual\r\n- Melhorar/repensar métricas de produtividade do time\r\n- Bailão poderia ter ajudado mais o Parreiras na sua entrega, que era Goal\r\n- Sempre que nao tivermos claro a solução de um ticket, o responsável deve apresentar uma prévia antes de executar o ticket, validando a sua ideia com a equipe\r\n- Alinhar melhor as expectativas das entregas com o cliente\r\n- Definir a pauta das reuniões\r\n- Executar tickets tendo em mente a sua estimativa, ou seja, um ticket de 0.5 SPs deve ser executado de forma simples #pensesimples','2017-08-14 20:39:34','2017-08-14 20:39:34'),(262,80,'did_right','- O sprint foi orientado as entregas do time, e nao as entregas individuais\r\n- Escolhemos uma soluçao intermediaria pro problema de CSV genérico, antes de definirmos a melhor soluçao. Dessa forma, teríamos mais conhecimentos antes de implemetar da melhor forma.\r\n- Processo Code review/QA pegou um bug grave','2017-08-28 20:34:42','2017-08-28 20:34:42'),(263,80,'did_wrong','- Nao definimos e escopo pro ticket de planejamento dos projetos\r\n- Falhamos no processe de deploy e esquecemos de dar merge do brach que ja estava em produção','2017-08-28 20:34:42','2017-08-28 20:34:42'),(264,80,'what_to_change','- Sempre definir muito bem o escopo de cada ticket, pra ficar claro quando terminar\r\n- Melhor controle de expiração de licensas\r\n- Ter mais agilidade no processo QA -> Deploy, podendo inclusive pedir ajuda para pessoas de outras equipes','2017-08-28 20:34:42','2017-08-28 20:34:42'),(265,79,'did_right','','2017-09-04 12:47:01','2017-09-04 12:47:01'),(266,79,'did_wrong','','2017-09-04 12:47:01','2017-09-04 12:47:01'),(267,79,'what_to_change','','2017-09-04 12:47:01','2017-09-04 12:47:01'),(268,82,'did_right','Na implementação do Rakuten, dividimos bem os tickets deixando claro o que seria cada etapa e entrega.\r\nEduardo conseguiu terminar os estudos e já ajudar a gente em um projeto interno (Sprintfy)\r\nColocar épico em todos os tickets facilita a visualização das tarefas e das entregas','2017-09-11 19:00:12','2017-09-11 19:00:12'),(269,82,'did_wrong','Tivemos muito imprevisto na integração da Rakuten (bloquear script da Dito)\r\nDemoramos para criar o repositório o que deixou lento o processo de QA\r\nErramos ao planejar os SPs do Felipe. Já sabiamos que não terminaria a integração Rakuten e mesmo assim consideramos os SPs \"cheios\" dele\r\nComeçar a desenvolver uma tela para um projeto sem entender a fundo como ele funcionava (e durante mudanças grandes de estrutura do projeto - grupped, flat, etc)\r\nNão separamos bem, por falta de planejamento, os tickets do ETL\r\nMudamos o funcionamento da segmentação e não fizemos testes completos em todo o fluxo\r\nNa ausência do Diley, equipe não fez DM\r\n','2017-09-11 19:00:12','2017-09-11 19:00:12'),(270,82,'what_to_change','Sempre que tiver um novo projeto, primeira coisa deve ser criar o repositório\r\nSempre ficar atento ao que realmente vamos entregar no sprint antes de prometer goals e SPs\r\nAntes de desenvolver algo para um projeto novo, entender como ele funciona e documentar isso no ticket\r\nEntregas maiores e criticas, precisam ter um planejamento mais elaborado\r\nTestar sempre todo o fluxo relacionado a funcionalidade que estamos mexendo\r\nRealizar DM mesmo na ausência de 1 membro da equipe\r\n','2017-09-11 19:00:12','2017-09-11 19:00:12'),(271,81,'did_right','','2017-09-12 17:45:48','2017-09-12 17:45:48'),(272,81,'did_wrong','Anotamos o consolidado do sprint no Sublime e perdemos todos os pontos levantados','2017-09-12 17:45:48','2017-09-12 17:45:48'),(273,81,'what_to_change','Quando for anotar o consolidado do Sprint, usar o Evernote','2017-09-12 17:45:48','2017-09-12 17:45:48');
/*!40000 ALTER TABLE `sprint_reports` ENABLE KEYS */;
UNLOCK TABLES;

--
-- Table structure for table `sprints`
--

DROP TABLE IF EXISTS `sprints`;
/*!40101 SET @saved_cs_client     = @@character_set_client */;
/*!40101 SET character_set_client = utf8 */;
CREATE TABLE `sprints` (
  `id` int(11) NOT NULL AUTO_INCREMENT,
  `start_date` date DEFAULT NULL,
  `due_date` date DEFAULT NULL,
  `created_at` datetime NOT NULL,
  `updated_at` datetime NOT NULL,
  `squad_id` int(11) DEFAULT NULL,
  `squad_counter` int(11) DEFAULT NULL,
  `closed` tinyint(1) DEFAULT '0',
  PRIMARY KEY (`id`),
  KEY `index_sprints_on_squad_id` (`squad_id`),
  CONSTRAINT `fk_rails_6e071e2f9b` FOREIGN KEY (`squad_id`) REFERENCES `squads` (`id`)
) ENGINE=InnoDB AUTO_INCREMENT=84 DEFAULT CHARSET=utf8;
/*!40101 SET character_set_client = @saved_cs_client */;

--
-- Dumping data for table `sprints`
--

LOCK TABLES `sprints` WRITE;
/*!40000 ALTER TABLE `sprints` DISABLE KEYS */;
INSERT INTO `sprints` VALUES (1,'2016-01-18','2016-01-22','2016-10-03 14:34:26','2016-10-03 14:45:40',1,1,1),(2,'2016-01-25','2016-01-29','2016-10-03 14:46:29','2016-10-03 14:49:05',1,2,1),(3,'2016-02-01','2016-02-12','2016-10-03 14:49:32','2016-10-03 14:51:41',1,3,1),(4,'2016-02-18','2016-02-26','2016-10-03 14:53:08','2016-10-03 14:55:01',1,4,1),(5,'2016-02-29','2016-03-11','2016-10-03 14:55:30','2016-10-03 14:58:30',1,5,1),(6,'2016-03-14','2016-03-25','2016-10-03 15:00:03','2016-10-03 15:01:15',1,6,1),(7,'2016-03-28','2016-04-15','2016-10-03 15:01:54','2016-10-03 15:02:13',1,7,1),(8,'2016-04-18','2016-04-29','2016-10-03 15:02:39','2016-10-03 15:03:33',1,8,1),(9,'2016-05-02','2016-05-13','2016-10-03 15:04:10','2016-10-03 15:06:27',1,9,1),(10,'2016-05-23','2016-06-03','2016-10-03 15:06:53','2016-10-03 15:07:48',1,10,1),(11,'2016-06-06','2016-06-17','2016-10-03 15:08:35','2016-10-03 15:09:31',1,11,1),(12,'2016-06-20','2016-06-30','2016-10-03 15:09:48','2016-10-03 15:10:44',1,12,1),(13,'2016-07-06','2016-07-20','2016-10-04 15:11:46','2016-10-04 15:13:02',1,13,1),(14,'2016-07-25','2016-08-05','2016-10-04 15:13:40','2016-10-04 15:14:29',1,14,1),(15,'2016-08-16','2016-08-19','2016-10-04 15:14:48','2016-10-04 15:15:30',1,15,1),(16,'2016-08-23','2016-09-02','2016-10-04 15:15:49','2016-10-04 15:17:21',1,16,1),(17,'2016-09-15','2016-09-30','2016-10-04 15:17:58','2016-10-04 17:39:09',1,17,1),(18,'2016-01-22','2016-02-05','2016-10-04 15:27:56','2016-10-04 15:29:36',2,1,1),(19,'2016-02-08','2016-02-19','2016-10-04 15:31:10','2016-10-04 15:42:24',2,2,1),(20,'2016-02-23','2016-03-04','2016-10-04 15:43:23','2016-10-19 20:10:50',2,4,1),(21,'2016-03-07','2016-03-18','2016-10-04 15:47:34','2017-04-05 20:51:06',2,5,1),(22,'2016-03-21','2016-04-01','2016-10-04 15:51:13','2016-10-19 20:10:50',2,6,1),(23,'2016-04-04','2016-04-15','2016-10-04 15:53:37','2016-10-19 20:10:50',2,7,1),(24,'2016-04-18','2016-04-29','2016-10-04 15:56:43','2016-10-19 20:10:50',2,8,1),(25,'2016-05-02','2016-05-13','2016-10-04 15:59:40','2016-10-19 20:10:50',2,9,1),(26,'2016-05-16','2016-05-27','2016-10-04 16:01:54','2016-10-19 20:10:50',2,10,1),(27,'2016-05-30','2016-06-10','2016-10-04 16:04:33','2016-10-19 20:10:50',2,11,1),(28,'2016-07-05','2016-07-22','2016-10-04 16:06:33','2016-10-19 20:10:50',2,12,1),(29,'2016-07-25','2016-08-05','2016-10-04 16:08:54','2016-10-19 20:10:50',2,13,1),(30,'2016-08-08','2016-08-19','2016-10-04 16:11:26','2016-10-19 20:10:50',2,14,1),(31,'2016-08-22','2016-09-02','2016-10-04 16:13:49','2016-10-19 20:10:50',2,15,1),(32,'2016-09-12','2016-09-23','2016-10-04 16:16:14','2016-10-19 20:10:50',2,16,1),(33,'2016-10-17','2016-10-21','2016-10-17 13:44:38','2016-10-24 17:41:45',2,17,1),(34,'2016-10-18','2016-10-28','2016-10-19 13:01:52','2016-10-28 17:01:48',1,18,1),(35,'2016-10-31','2016-11-14','2016-10-31 13:42:02','2016-11-16 17:58:21',1,19,1),(36,'2016-10-23','2016-11-04','2016-10-31 17:47:20','2016-11-07 16:03:08',2,18,1),(37,'2016-11-07','2016-11-18','2016-11-07 20:46:32','2016-11-21 17:21:30',2,19,1),(38,'2016-11-16','2016-11-25','2016-11-16 18:02:33','2016-11-28 12:29:15',1,20,1),(39,'2016-11-21','2016-12-02','2016-11-21 17:22:02','2016-12-05 13:55:28',2,20,1),(40,'2016-11-29','2016-12-09','2016-11-29 20:10:53','2016-12-14 20:42:49',1,21,1),(41,'2016-12-09','2016-12-16','2016-12-09 16:14:03','2016-12-19 18:40:32',2,21,1),(42,'2016-12-12','2016-12-23','2016-12-14 20:43:21','2016-12-27 18:58:24',1,22,1),(43,'2016-12-20','2016-12-30','2016-12-20 18:29:58','2017-01-02 17:32:06',2,22,1),(44,'2017-01-03','2017-01-13','2017-01-04 18:42:24','2017-01-16 15:39:40',2,23,1),(45,'2017-01-02','2017-01-13','2017-01-10 18:49:16','2017-01-13 17:37:04',1,23,1),(46,'2017-01-18','2017-01-27','2017-01-18 21:22:14','2017-01-30 16:48:48',2,24,1),(47,'2017-01-16','2017-01-27','2017-01-23 13:22:03','2017-02-02 10:42:35',1,24,1),(48,'2017-01-25','2017-02-03','2017-01-26 16:22:33','2017-02-06 17:17:51',7,1,1),(49,'2017-01-31','2017-02-10','2017-01-31 18:08:58','2017-02-20 16:06:34',2,25,1),(50,'2017-01-31','2017-02-10','2017-02-02 10:43:54','2017-02-14 12:20:35',1,25,1),(51,'2017-02-08','2017-02-15','2017-02-08 12:41:27','2017-02-08 12:41:27',7,2,0),(52,'2017-02-08','2017-02-15','2017-02-09 11:29:39','2017-02-15 12:53:05',7,3,1),(53,'2017-02-15','2017-02-22','2017-02-15 14:12:18','2017-03-06 18:12:51',7,4,1),(54,'2017-02-20','2017-03-03','2017-02-20 18:15:13','2017-03-06 18:24:46',2,26,1),(55,'2017-02-22','2017-03-03','2017-03-03 18:03:16','2017-03-06 18:57:38',1,26,1),(56,'2017-03-02','2017-03-24','2017-03-06 21:14:48','2017-03-24 18:45:57',2,27,1),(57,'2017-03-13','2017-03-24','2017-03-14 17:24:23','2017-03-24 14:10:20',1,27,1),(58,'2017-03-27','2017-04-07','2017-03-29 14:42:16','2017-04-07 18:05:24',1,28,1),(59,'2017-03-27','2017-04-06','2017-03-30 17:17:44','2017-04-07 18:56:24',2,28,1),(60,'2017-04-10','2017-04-21','2017-04-10 15:55:14','2017-04-24 18:41:57',1,29,1),(61,'2017-04-11','2017-04-20','2017-04-11 13:18:02','2017-04-24 14:01:03',2,29,1),(62,'2017-04-24','2017-05-08','2017-04-26 17:17:32','2017-05-08 18:36:03',1,30,1),(63,'2017-04-25','2017-05-04','2017-05-04 14:07:11','2017-05-04 14:50:26',2,30,1),(64,'2017-05-10','2017-05-16','2017-05-10 16:54:46','2017-05-17 19:58:33',2,31,1),(65,'2017-05-09','2017-05-22','2017-05-11 16:18:22','2017-05-23 17:55:50',1,31,1),(66,'2017-05-31','2017-06-06','2017-05-19 23:29:36','2017-06-07 19:51:47',2,33,1),(67,'2017-05-22','2017-05-24','2017-05-19 23:35:06','2017-05-25 16:45:43',2,32,1),(68,'2017-05-24','2017-06-02','2017-05-24 16:11:34','2017-06-05 15:23:49',1,32,1),(69,'2017-06-05','2017-06-16','2017-06-06 15:00:10','2017-06-19 18:51:45',1,33,1),(70,'2017-06-14','2017-06-20','2017-06-13 20:44:39','2017-06-21 15:03:19',2,34,1),(71,'2017-06-20','2017-06-30','2017-06-23 14:52:52','2017-07-03 19:29:16',1,34,1),(72,'2017-06-27','2017-07-03','2017-06-26 21:32:43','2017-07-10 21:06:55',2,35,1),(73,'2017-07-04','2017-07-17','2017-07-06 18:16:39','2017-07-18 14:11:53',1,35,1),(74,'2017-07-13','2017-07-21','2017-07-13 16:27:33','2017-07-21 20:26:35',2,36,1),(75,'2017-07-18','2017-07-31','2017-07-19 17:53:55','2017-07-31 20:36:56',1,36,1),(76,'2017-07-27','2017-08-01','2017-07-27 12:44:57','2017-08-01 20:38:59',2,37,1),(77,'2017-08-01','2017-08-14','2017-08-03 16:12:54','2017-08-14 18:50:13',1,37,1),(78,'2017-08-07','2017-08-11','2017-08-07 17:50:58','2017-08-14 20:39:34',2,38,1),(79,'2017-08-14','2017-08-28','2017-08-14 20:08:05','2017-09-04 12:47:01',1,38,1),(80,'2017-08-22','2017-08-25','2017-08-22 14:02:45','2017-08-28 20:34:42',2,39,1),(81,'2017-09-01','2017-09-08','2017-09-01 21:25:21','2017-09-12 17:45:48',2,40,1),(82,'2017-08-29','2017-09-11','2017-09-04 18:11:28','2017-09-11 19:00:13',1,39,1),(83,'2017-09-11','2017-09-25','2017-09-12 17:51:39','2017-09-12 17:51:39',1,40,0);
/*!40000 ALTER TABLE `sprints` ENABLE KEYS */;
UNLOCK TABLES;

--
-- Table structure for table `sprints_users`
--

DROP TABLE IF EXISTS `sprints_users`;
/*!40101 SET @saved_cs_client     = @@character_set_client */;
/*!40101 SET character_set_client = utf8 */;
CREATE TABLE `sprints_users` (
  `id` int(11) NOT NULL AUTO_INCREMENT,
  `user_id` int(11) DEFAULT NULL,
  `sprint_id` int(11) DEFAULT NULL,
  `created_at` datetime NOT NULL,
  `updated_at` datetime NOT NULL,
  PRIMARY KEY (`id`),
  KEY `index_sprints_users_on_user_id` (`user_id`),
  KEY `index_sprints_users_on_sprint_id` (`sprint_id`),
  CONSTRAINT `fk_rails_c110d37e7b` FOREIGN KEY (`sprint_id`) REFERENCES `sprints` (`id`),
  CONSTRAINT `fk_rails_d51bae205b` FOREIGN KEY (`user_id`) REFERENCES `users` (`id`)
) ENGINE=InnoDB AUTO_INCREMENT=339 DEFAULT CHARSET=utf8;
/*!40101 SET character_set_client = @saved_cs_client */;

--
-- Dumping data for table `sprints_users`
--

LOCK TABLES `sprints_users` WRITE;
/*!40000 ALTER TABLE `sprints_users` DISABLE KEYS */;
INSERT INTO `sprints_users` VALUES (2,2,1,'2016-10-03 14:34:26','2016-10-03 14:34:26'),(3,3,1,'2016-10-03 14:34:26','2016-10-03 14:34:26'),(4,4,1,'2016-10-03 14:34:26','2016-10-03 14:34:26'),(6,2,2,'2016-10-03 14:46:29','2016-10-03 14:46:29'),(7,3,2,'2016-10-03 14:46:29','2016-10-03 14:46:29'),(8,4,2,'2016-10-03 14:46:29','2016-10-03 14:46:29'),(10,2,3,'2016-10-03 14:49:32','2016-10-03 14:49:32'),(11,3,3,'2016-10-03 14:49:32','2016-10-03 14:49:32'),(12,4,3,'2016-10-03 14:49:32','2016-10-03 14:49:32'),(14,2,4,'2016-10-03 14:53:08','2016-10-03 14:53:08'),(15,3,4,'2016-10-03 14:53:08','2016-10-03 14:53:08'),(16,4,4,'2016-10-03 14:53:08','2016-10-03 14:53:08'),(18,2,5,'2016-10-03 14:55:30','2016-10-03 14:55:30'),(19,3,5,'2016-10-03 14:55:30','2016-10-03 14:55:30'),(20,4,5,'2016-10-03 14:55:30','2016-10-03 14:55:30'),(22,2,6,'2016-10-03 15:00:03','2016-10-03 15:00:03'),(23,3,6,'2016-10-03 15:00:03','2016-10-03 15:00:03'),(24,4,6,'2016-10-03 15:00:03','2016-10-03 15:00:03'),(26,2,7,'2016-10-03 15:01:54','2016-10-03 15:01:54'),(27,3,7,'2016-10-03 15:01:54','2016-10-03 15:01:54'),(28,4,7,'2016-10-03 15:01:54','2016-10-03 15:01:54'),(30,2,8,'2016-10-03 15:02:39','2016-10-03 15:02:39'),(32,4,8,'2016-10-03 15:02:39','2016-10-03 15:02:39'),(34,2,9,'2016-10-03 15:04:10','2016-10-03 15:04:10'),(36,4,9,'2016-10-03 15:04:10','2016-10-03 15:04:10'),(38,2,10,'2016-10-03 15:06:53','2016-10-03 15:06:53'),(40,4,10,'2016-10-03 15:06:53','2016-10-03 15:06:53'),(42,2,11,'2016-10-03 15:08:35','2016-10-03 15:08:35'),(44,4,11,'2016-10-03 15:08:35','2016-10-03 15:08:35'),(46,2,12,'2016-10-03 15:09:48','2016-10-03 15:09:48'),(48,4,12,'2016-10-03 15:09:48','2016-10-03 15:09:48'),(50,2,13,'2016-10-04 15:11:46','2016-10-04 15:11:46'),(52,4,13,'2016-10-04 15:11:46','2016-10-04 15:11:46'),(54,2,14,'2016-10-04 15:13:40','2016-10-04 15:13:40'),(56,4,14,'2016-10-04 15:13:40','2016-10-04 15:13:40'),(58,2,15,'2016-10-04 15:14:48','2016-10-04 15:14:48'),(62,2,16,'2016-10-04 15:15:49','2016-10-04 15:15:49'),(64,4,16,'2016-10-04 15:15:49','2016-10-04 15:15:49'),(65,1,17,'2016-10-04 15:17:58','2016-10-04 15:17:58'),(66,2,17,'2016-10-04 15:17:58','2016-10-04 15:17:58'),(67,3,17,'2016-10-04 15:17:58','2016-10-04 15:17:58'),(68,4,17,'2016-10-04 15:17:58','2016-10-04 15:17:58'),(69,5,18,'2016-10-04 15:27:56','2016-10-04 15:27:56'),(70,6,18,'2016-10-04 15:27:56','2016-10-04 15:27:56'),(72,5,19,'2016-10-04 15:31:10','2016-10-04 15:31:10'),(73,6,19,'2016-10-04 15:31:10','2016-10-04 15:31:10'),(75,8,19,'2016-10-04 15:41:05','2016-10-04 15:41:05'),(76,5,20,'2016-10-04 15:43:23','2016-10-04 15:43:23'),(77,6,20,'2016-10-04 15:43:23','2016-10-04 15:43:23'),(79,8,20,'2016-10-04 15:45:17','2016-10-04 15:45:17'),(80,5,21,'2016-10-04 15:47:34','2016-10-04 15:47:34'),(81,6,21,'2016-10-04 15:47:34','2016-10-04 15:47:34'),(83,5,22,'2016-10-04 15:51:13','2016-10-04 15:51:13'),(84,6,22,'2016-10-04 15:51:13','2016-10-04 15:51:13'),(86,8,22,'2016-10-04 15:51:30','2016-10-04 15:51:30'),(87,5,23,'2016-10-04 15:53:37','2016-10-04 15:53:37'),(88,6,23,'2016-10-04 15:53:37','2016-10-04 15:53:37'),(90,5,24,'2016-10-04 15:56:43','2016-10-04 15:56:43'),(91,6,24,'2016-10-04 15:56:43','2016-10-04 15:56:43'),(93,5,25,'2016-10-04 15:59:40','2016-10-04 15:59:40'),(94,6,25,'2016-10-04 15:59:40','2016-10-04 15:59:40'),(96,5,26,'2016-10-04 16:01:54','2016-10-04 16:01:54'),(97,6,26,'2016-10-04 16:01:54','2016-10-04 16:01:54'),(99,5,27,'2016-10-04 16:04:33','2016-10-04 16:04:33'),(100,6,27,'2016-10-04 16:04:33','2016-10-04 16:04:33'),(102,5,28,'2016-10-04 16:06:33','2016-10-04 16:06:33'),(103,6,28,'2016-10-04 16:06:33','2016-10-04 16:06:33'),(105,4,28,'2016-10-04 16:06:46','2016-10-04 16:06:46'),(106,5,29,'2016-10-04 16:08:54','2016-10-04 16:08:54'),(107,6,29,'2016-10-04 16:08:54','2016-10-04 16:08:54'),(109,4,29,'2016-10-04 16:09:46','2016-10-04 16:09:46'),(110,3,29,'2016-10-04 16:09:54','2016-10-04 16:09:54'),(111,5,30,'2016-10-04 16:11:26','2016-10-04 16:11:26'),(112,6,30,'2016-10-04 16:11:26','2016-10-04 16:11:26'),(114,4,30,'2016-10-04 16:11:36','2016-10-04 16:11:36'),(115,5,31,'2016-10-04 16:13:49','2016-10-04 16:13:49'),(116,6,31,'2016-10-04 16:13:49','2016-10-04 16:13:49'),(117,7,31,'2016-10-04 16:13:49','2016-10-04 16:13:49'),(118,2,31,'2016-10-04 16:13:58','2016-10-04 16:13:58'),(119,5,32,'2016-10-04 16:16:14','2016-10-04 16:16:14'),(120,6,32,'2016-10-04 16:16:14','2016-10-04 16:16:14'),(121,7,32,'2016-10-04 16:16:14','2016-10-04 16:16:14'),(122,5,33,'2016-10-17 13:44:38','2016-10-17 13:44:38'),(123,6,33,'2016-10-17 13:44:38','2016-10-17 13:44:38'),(124,7,33,'2016-10-17 13:44:38','2016-10-17 13:44:38'),(125,1,34,'2016-10-19 13:01:52','2016-10-19 13:01:52'),(126,2,34,'2016-10-19 13:01:52','2016-10-19 13:01:52'),(127,3,34,'2016-10-19 13:01:52','2016-10-19 13:01:52'),(128,4,34,'2016-10-19 13:01:52','2016-10-19 13:01:52'),(129,1,35,'2016-10-31 13:42:02','2016-10-31 13:42:02'),(130,2,35,'2016-10-31 13:42:02','2016-10-31 13:42:02'),(131,3,35,'2016-10-31 13:42:02','2016-10-31 13:42:02'),(132,4,35,'2016-10-31 13:42:02','2016-10-31 13:42:02'),(133,5,36,'2016-10-31 17:47:20','2016-10-31 17:47:20'),(135,7,36,'2016-10-31 17:47:20','2016-10-31 17:47:20'),(136,6,36,'2016-11-07 15:32:34','2016-11-07 15:32:34'),(137,5,37,'2016-11-07 20:46:32','2016-11-07 20:46:32'),(138,6,37,'2016-11-07 20:46:32','2016-11-07 20:46:32'),(139,7,37,'2016-11-07 20:46:32','2016-11-07 20:46:32'),(140,1,38,'2016-11-16 18:02:33','2016-11-16 18:02:33'),(141,2,38,'2016-11-16 18:02:33','2016-11-16 18:02:33'),(142,3,38,'2016-11-16 18:02:33','2016-11-16 18:02:33'),(143,4,38,'2016-11-16 18:02:33','2016-11-16 18:02:33'),(144,5,39,'2016-11-21 17:22:02','2016-11-21 17:22:02'),(145,6,39,'2016-11-21 17:22:02','2016-11-21 17:22:02'),(146,7,39,'2016-11-21 17:22:02','2016-11-21 17:22:02'),(147,1,40,'2016-11-29 20:10:53','2016-11-29 20:10:53'),(148,2,40,'2016-11-29 20:10:54','2016-11-29 20:10:54'),(149,3,40,'2016-11-29 20:10:54','2016-11-29 20:10:54'),(150,4,40,'2016-11-29 20:10:54','2016-11-29 20:10:54'),(151,5,41,'2016-12-09 16:14:03','2016-12-09 16:14:03'),(152,6,41,'2016-12-09 16:14:03','2016-12-09 16:14:03'),(153,7,41,'2016-12-09 16:14:03','2016-12-09 16:14:03'),(154,1,42,'2016-12-14 20:43:21','2016-12-14 20:43:21'),(155,2,42,'2016-12-14 20:43:21','2016-12-14 20:43:21'),(156,3,42,'2016-12-14 20:43:21','2016-12-14 20:43:21'),(157,4,42,'2016-12-14 20:43:21','2016-12-14 20:43:21'),(158,5,43,'2016-12-20 18:29:58','2016-12-20 18:29:58'),(160,7,43,'2016-12-20 18:29:58','2016-12-20 18:29:58'),(161,11,43,'2016-12-20 18:43:06','2016-12-20 18:43:06'),(162,5,44,'2017-01-04 18:42:24','2017-01-04 18:42:24'),(164,7,44,'2017-01-04 18:42:24','2017-01-04 18:42:24'),(165,11,44,'2017-01-04 18:42:24','2017-01-04 18:42:24'),(166,12,44,'2017-01-04 19:02:27','2017-01-04 19:02:27'),(167,13,44,'2017-01-05 15:09:01','2017-01-05 15:09:01'),(168,1,45,'2017-01-10 18:49:16','2017-01-10 18:49:16'),(169,2,45,'2017-01-10 18:49:16','2017-01-10 18:49:16'),(170,3,45,'2017-01-10 18:49:16','2017-01-10 18:49:16'),(171,4,45,'2017-01-10 18:49:16','2017-01-10 18:49:16'),(172,5,46,'2017-01-18 21:22:14','2017-01-18 21:22:14'),(173,7,46,'2017-01-18 21:22:14','2017-01-18 21:22:14'),(174,11,46,'2017-01-18 21:22:14','2017-01-18 21:22:14'),(175,13,46,'2017-01-19 13:22:38','2017-01-19 13:22:38'),(176,1,47,'2017-01-23 13:22:03','2017-01-23 13:22:03'),(177,2,47,'2017-01-23 13:22:03','2017-01-23 13:22:03'),(178,3,47,'2017-01-23 13:22:03','2017-01-23 13:22:03'),(179,4,47,'2017-01-23 13:22:03','2017-01-23 13:22:03'),(180,14,48,'2017-01-26 16:22:33','2017-01-26 16:22:33'),(181,5,49,'2017-01-31 18:08:58','2017-01-31 18:08:58'),(182,7,49,'2017-01-31 18:08:58','2017-01-31 18:08:58'),(183,11,49,'2017-01-31 18:08:58','2017-01-31 18:08:58'),(184,13,49,'2017-01-31 18:12:38','2017-01-31 18:12:38'),(185,1,50,'2017-02-02 10:43:54','2017-02-02 10:43:54'),(186,2,50,'2017-02-02 10:43:54','2017-02-02 10:43:54'),(187,3,50,'2017-02-02 10:43:54','2017-02-02 10:43:54'),(188,4,50,'2017-02-02 10:43:54','2017-02-02 10:43:54'),(189,14,51,'2017-02-08 12:41:27','2017-02-08 12:41:27'),(190,14,52,'2017-02-09 11:29:39','2017-02-09 11:29:39'),(191,15,52,'2017-02-09 11:31:52','2017-02-09 11:31:52'),(192,14,53,'2017-02-15 14:12:18','2017-02-15 14:12:18'),(193,15,53,'2017-02-15 14:12:18','2017-02-15 14:12:18'),(194,5,54,'2017-02-20 18:15:13','2017-02-20 18:15:13'),(195,7,54,'2017-02-20 18:15:13','2017-02-20 18:15:13'),(196,11,54,'2017-02-20 18:15:13','2017-02-20 18:15:13'),(197,13,54,'2017-02-20 18:15:13','2017-02-20 18:15:13'),(198,1,55,'2017-03-03 18:03:16','2017-03-03 18:03:16'),(199,2,55,'2017-03-03 18:03:17','2017-03-03 18:03:17'),(200,3,55,'2017-03-03 18:03:17','2017-03-03 18:03:17'),(201,4,55,'2017-03-03 18:03:17','2017-03-03 18:03:17'),(202,5,56,'2017-03-06 21:14:48','2017-03-06 21:14:48'),(203,7,56,'2017-03-06 21:14:48','2017-03-06 21:14:48'),(204,11,56,'2017-03-06 21:14:48','2017-03-06 21:14:48'),(205,13,56,'2017-03-06 21:14:48','2017-03-06 21:14:48'),(206,1,57,'2017-03-14 17:24:23','2017-03-14 17:24:23'),(207,2,57,'2017-03-14 17:24:23','2017-03-14 17:24:23'),(209,4,57,'2017-03-14 17:24:23','2017-03-14 17:24:23'),(210,13,57,'2017-03-15 18:27:35','2017-03-15 18:27:35'),(211,14,57,'2017-03-15 18:27:45','2017-03-15 18:27:45'),(212,15,57,'2017-03-15 18:27:51','2017-03-15 18:27:51'),(213,1,58,'2017-03-29 14:42:16','2017-03-29 14:42:16'),(214,2,58,'2017-03-29 14:42:16','2017-03-29 14:42:16'),(217,15,58,'2017-03-29 14:59:58','2017-03-29 14:59:58'),(218,14,58,'2017-03-29 15:00:10','2017-03-29 15:00:10'),(219,13,58,'2017-03-29 15:00:17','2017-03-29 15:00:17'),(220,5,59,'2017-03-30 17:17:44','2017-03-30 17:17:44'),(221,7,59,'2017-03-30 17:17:44','2017-03-30 17:17:44'),(222,11,59,'2017-03-30 17:17:44','2017-03-30 17:17:44'),(224,4,59,'2017-03-30 17:19:48','2017-03-30 17:19:48'),(225,1,60,'2017-04-10 15:55:14','2017-04-10 15:55:14'),(226,2,60,'2017-04-10 15:55:14','2017-04-10 15:55:14'),(227,13,60,'2017-04-10 15:55:14','2017-04-10 15:55:14'),(228,14,60,'2017-04-10 15:55:14','2017-04-10 15:55:14'),(229,15,60,'2017-04-10 15:55:14','2017-04-10 15:55:14'),(230,4,61,'2017-04-11 13:18:02','2017-04-11 13:18:02'),(231,5,61,'2017-04-11 13:18:02','2017-04-11 13:18:02'),(232,7,61,'2017-04-11 13:18:02','2017-04-11 13:18:02'),(233,11,61,'2017-04-11 13:18:02','2017-04-11 13:18:02'),(234,13,61,'2017-04-11 13:24:26','2017-04-11 13:24:26'),(235,1,62,'2017-04-26 17:17:32','2017-04-26 17:17:32'),(236,2,62,'2017-04-26 17:17:32','2017-04-26 17:17:32'),(237,13,62,'2017-04-26 17:17:32','2017-04-26 17:17:32'),(238,14,62,'2017-04-26 17:17:32','2017-04-26 17:17:32'),(239,15,62,'2017-04-26 17:17:32','2017-04-26 17:17:32'),(240,4,63,'2017-05-04 14:07:11','2017-05-04 14:07:11'),(241,5,63,'2017-05-04 14:07:11','2017-05-04 14:07:11'),(242,7,63,'2017-05-04 14:07:11','2017-05-04 14:07:11'),(243,11,63,'2017-05-04 14:07:11','2017-05-04 14:07:11'),(244,7,62,'2017-05-08 13:08:41','2017-05-08 13:08:41'),(245,4,62,'2017-05-08 13:08:47','2017-05-08 13:08:47'),(246,11,62,'2017-05-08 13:08:54','2017-05-08 13:08:54'),(247,4,64,'2017-05-10 16:54:46','2017-05-10 16:54:46'),(248,5,64,'2017-05-10 16:54:46','2017-05-10 16:54:46'),(249,7,64,'2017-05-10 16:54:46','2017-05-10 16:54:46'),(250,11,64,'2017-05-10 16:54:46','2017-05-10 16:54:46'),(251,1,65,'2017-05-11 16:18:22','2017-05-11 16:18:22'),(252,2,65,'2017-05-11 16:18:22','2017-05-11 16:18:22'),(253,13,65,'2017-05-11 16:18:22','2017-05-11 16:18:22'),(254,14,65,'2017-05-11 16:18:22','2017-05-11 16:18:22'),(255,15,65,'2017-05-11 16:18:22','2017-05-11 16:18:22'),(256,4,66,'2017-05-19 23:29:36','2017-05-19 23:29:36'),(257,5,66,'2017-05-19 23:29:36','2017-05-19 23:29:36'),(258,7,66,'2017-05-19 23:29:36','2017-05-19 23:29:36'),(259,11,66,'2017-05-19 23:29:36','2017-05-19 23:29:36'),(260,4,67,'2017-05-19 23:35:06','2017-05-19 23:35:06'),(261,5,67,'2017-05-19 23:35:06','2017-05-19 23:35:06'),(262,7,67,'2017-05-19 23:35:06','2017-05-19 23:35:06'),(263,11,67,'2017-05-19 23:35:06','2017-05-19 23:35:06'),(264,1,68,'2017-05-24 16:11:34','2017-05-24 16:11:34'),(265,2,68,'2017-05-24 16:11:34','2017-05-24 16:11:34'),(266,13,68,'2017-05-24 16:11:34','2017-05-24 16:11:34'),(267,14,68,'2017-05-24 16:11:34','2017-05-24 16:11:34'),(268,15,68,'2017-05-24 16:11:34','2017-05-24 16:11:34'),(269,1,69,'2017-06-06 15:00:10','2017-06-06 15:00:10'),(270,2,69,'2017-06-06 15:00:10','2017-06-06 15:00:10'),(271,13,69,'2017-06-06 15:00:10','2017-06-06 15:00:10'),(272,14,69,'2017-06-06 15:00:10','2017-06-06 15:00:10'),(273,15,69,'2017-06-06 15:00:10','2017-06-06 15:00:10'),(274,4,70,'2017-06-13 20:44:39','2017-06-13 20:44:39'),(275,5,70,'2017-06-13 20:44:39','2017-06-13 20:44:39'),(276,7,70,'2017-06-13 20:44:39','2017-06-13 20:44:39'),(277,11,70,'2017-06-13 20:44:39','2017-06-13 20:44:39'),(278,1,71,'2017-06-23 14:52:52','2017-06-23 14:52:52'),(279,2,71,'2017-06-23 14:52:52','2017-06-23 14:52:52'),(280,13,71,'2017-06-23 14:52:52','2017-06-23 14:52:52'),(281,14,71,'2017-06-23 14:52:52','2017-06-23 14:52:52'),(282,15,71,'2017-06-23 14:52:52','2017-06-23 14:52:52'),(283,4,72,'2017-06-26 21:32:43','2017-06-26 21:32:43'),(284,5,72,'2017-06-26 21:32:43','2017-06-26 21:32:43'),(285,7,72,'2017-06-26 21:32:43','2017-06-26 21:32:43'),(286,11,72,'2017-06-26 21:32:43','2017-06-26 21:32:43'),(287,1,73,'2017-07-06 18:16:39','2017-07-06 18:16:39'),(288,2,73,'2017-07-06 18:16:39','2017-07-06 18:16:39'),(290,14,73,'2017-07-06 18:16:39','2017-07-06 18:16:39'),(291,15,73,'2017-07-06 18:16:39','2017-07-06 18:16:39'),(292,4,74,'2017-07-13 16:27:33','2017-07-13 16:27:33'),(293,5,74,'2017-07-13 16:27:33','2017-07-13 16:27:33'),(294,7,74,'2017-07-13 16:27:33','2017-07-13 16:27:33'),(295,11,74,'2017-07-13 16:27:33','2017-07-13 16:27:33'),(296,1,75,'2017-07-19 17:53:55','2017-07-19 17:53:55'),(297,2,75,'2017-07-19 17:53:55','2017-07-19 17:53:55'),(299,14,75,'2017-07-19 17:53:55','2017-07-19 17:53:55'),(300,15,75,'2017-07-19 17:53:55','2017-07-19 17:53:55'),(301,4,76,'2017-07-27 12:44:57','2017-07-27 12:44:57'),(302,5,76,'2017-07-27 12:44:57','2017-07-27 12:44:57'),(303,7,76,'2017-07-27 12:44:57','2017-07-27 12:44:57'),(304,11,76,'2017-07-27 12:44:57','2017-07-27 12:44:57'),(305,14,76,'2017-07-27 12:45:09','2017-07-27 12:45:09'),(306,1,77,'2017-08-03 16:12:54','2017-08-03 16:12:54'),(307,2,77,'2017-08-03 16:12:54','2017-08-03 16:12:54'),(309,14,77,'2017-08-03 16:12:54','2017-08-03 16:12:54'),(310,15,77,'2017-08-03 16:12:55','2017-08-03 16:12:55'),(311,4,78,'2017-08-07 17:50:58','2017-08-07 17:50:58'),(312,5,78,'2017-08-07 17:50:58','2017-08-07 17:50:58'),(313,7,78,'2017-08-07 17:50:58','2017-08-07 17:50:58'),(314,11,78,'2017-08-07 17:50:58','2017-08-07 17:50:58'),(315,1,79,'2017-08-14 20:08:05','2017-08-14 20:08:05'),(316,2,79,'2017-08-14 20:08:05','2017-08-14 20:08:05'),(318,14,79,'2017-08-14 20:08:05','2017-08-14 20:08:05'),(319,15,79,'2017-08-14 20:08:05','2017-08-14 20:08:05'),(320,4,80,'2017-08-22 14:02:45','2017-08-22 14:02:45'),(321,5,80,'2017-08-22 14:02:45','2017-08-22 14:02:45'),(323,11,80,'2017-08-22 14:02:45','2017-08-22 14:02:45'),(324,4,81,'2017-09-01 21:25:21','2017-09-01 21:25:21'),(325,5,81,'2017-09-01 21:25:21','2017-09-01 21:25:21'),(326,11,81,'2017-09-01 21:25:21','2017-09-01 21:25:21'),(327,1,82,'2017-09-04 18:11:28','2017-09-04 18:11:28'),(328,2,82,'2017-09-04 18:11:28','2017-09-04 18:11:28'),(330,14,82,'2017-09-04 18:11:29','2017-09-04 18:11:29'),(331,15,82,'2017-09-04 18:11:29','2017-09-04 18:11:29'),(332,16,82,'2017-09-04 18:12:46','2017-09-04 18:12:46'),(333,1,83,'2017-09-12 17:51:39','2017-09-12 17:51:39'),(334,2,83,'2017-09-12 17:51:39','2017-09-12 17:51:39'),(336,14,83,'2017-09-12 17:51:39','2017-09-12 17:51:39'),(337,15,83,'2017-09-12 17:51:39','2017-09-12 17:51:39'),(338,16,83,'2017-09-12 17:51:39','2017-09-12 17:51:39');
/*!40000 ALTER TABLE `sprints_users` ENABLE KEYS */;
UNLOCK TABLES;

--
-- Table structure for table `squad_managers`
--

DROP TABLE IF EXISTS `squad_managers`;
/*!40101 SET @saved_cs_client     = @@character_set_client */;
/*!40101 SET character_set_client = utf8 */;
CREATE TABLE `squad_managers` (
  `id` int(11) NOT NULL AUTO_INCREMENT,
  `user_id` int(11) DEFAULT NULL,
  `squad_id` int(11) DEFAULT NULL,
  `created_at` datetime NOT NULL,
  `updated_at` datetime NOT NULL,
  PRIMARY KEY (`id`),
  KEY `index_squad_managers_on_user_id` (`user_id`),
  KEY `index_squad_managers_on_squad_id` (`squad_id`),
  CONSTRAINT `fk_rails_4d2335b30d` FOREIGN KEY (`squad_id`) REFERENCES `squads` (`id`),
  CONSTRAINT `fk_rails_f3db308377` FOREIGN KEY (`user_id`) REFERENCES `users` (`id`)
) ENGINE=InnoDB AUTO_INCREMENT=10 DEFAULT CHARSET=utf8;
/*!40101 SET character_set_client = @saved_cs_client */;

--
-- Dumping data for table `squad_managers`
--

LOCK TABLES `squad_managers` WRITE;
/*!40000 ALTER TABLE `squad_managers` DISABLE KEYS */;
INSERT INTO `squad_managers` VALUES (1,2,1,'2016-11-18 14:01:08','2016-11-18 14:01:08'),(2,2,2,'2016-11-18 19:14:15','2016-11-18 19:14:15'),(3,5,2,'2016-11-18 19:17:07','2016-11-18 19:17:07'),(4,9,2,'2016-11-18 19:17:20','2016-11-18 19:17:20'),(5,5,1,'2016-11-18 19:17:31','2016-11-18 19:17:31'),(6,9,1,'2016-11-18 19:17:34','2016-11-18 19:17:34'),(7,2,7,'2017-02-06 17:23:11','2017-02-06 17:23:11'),(8,9,7,'2017-02-06 17:23:16','2017-02-06 17:23:16'),(9,5,7,'2017-02-06 17:23:22','2017-02-06 17:23:22');
/*!40000 ALTER TABLE `squad_managers` ENABLE KEYS */;
UNLOCK TABLES;

--
-- Table structure for table `squads`
--

DROP TABLE IF EXISTS `squads`;
/*!40101 SET @saved_cs_client     = @@character_set_client */;
/*!40101 SET character_set_client = utf8 */;
CREATE TABLE `squads` (
  `id` int(11) NOT NULL AUTO_INCREMENT,
  `name` varchar(255) DEFAULT NULL,
  `created_at` datetime NOT NULL,
  `updated_at` datetime NOT NULL,
  PRIMARY KEY (`id`)
) ENGINE=InnoDB AUTO_INCREMENT=8 DEFAULT CHARSET=utf8;
/*!40101 SET character_set_client = @saved_cs_client */;

--
-- Dumping data for table `squads`
--

LOCK TABLES `squads` WRITE;
/*!40000 ALTER TABLE `squads` DISABLE KEYS */;
INSERT INTO `squads` VALUES (1,'R','2016-09-30 15:14:36','2016-09-30 15:14:36'),(2,'D','2016-10-04 15:24:17','2016-10-04 15:24:17'),(3,'Líderes','2016-10-04 15:38:47','2016-10-04 15:38:47'),(4,'Clientes','2016-10-04 15:38:57','2016-10-04 15:38:57'),(5,'Purgatório','2017-01-04 18:59:14','2017-01-04 18:59:14'),(6,'Projetos Especiais','2017-01-04 19:01:22','2017-01-04 19:01:22'),(7,'CC','2017-01-26 16:21:46','2017-01-26 16:21:46');
/*!40000 ALTER TABLE `squads` ENABLE KEYS */;
UNLOCK TABLES;

--
-- Table structure for table `story_points`
--

DROP TABLE IF EXISTS `story_points`;
/*!40101 SET @saved_cs_client     = @@character_set_client */;
/*!40101 SET character_set_client = utf8 */;
CREATE TABLE `story_points` (
  `id` int(11) NOT NULL AUTO_INCREMENT,
  `sprint_id` int(11) DEFAULT NULL,
  `user_id` int(11) DEFAULT NULL,
  `expected_value` float DEFAULT '0',
  `value` float DEFAULT '0',
  `created_at` datetime NOT NULL,
  `updated_at` datetime NOT NULL,
  PRIMARY KEY (`id`),
  KEY `index_story_points_on_sprint_id` (`sprint_id`),
  KEY `index_story_points_on_user_id` (`user_id`),
  CONSTRAINT `fk_rails_62ff672e58` FOREIGN KEY (`sprint_id`) REFERENCES `sprints` (`id`),
  CONSTRAINT `fk_rails_e1f6a714bb` FOREIGN KEY (`user_id`) REFERENCES `users` (`id`)
) ENGINE=InnoDB AUTO_INCREMENT=342 DEFAULT CHARSET=utf8;
/*!40101 SET character_set_client = @saved_cs_client */;

--
-- Dumping data for table `story_points`
--

LOCK TABLES `story_points` WRITE;
/*!40000 ALTER TABLE `story_points` DISABLE KEYS */;
INSERT INTO `story_points` VALUES (2,1,2,12.5,13,'2016-10-03 14:34:26','2016-10-03 14:45:40'),(3,1,3,8,5.5,'2016-10-03 14:34:26','2016-10-03 14:45:40'),(4,1,4,6.5,3,'2016-10-03 14:34:26','2016-10-03 14:45:40'),(6,2,2,8.5,8,'2016-10-03 14:46:29','2016-10-03 14:49:05'),(7,2,3,9,9.25,'2016-10-03 14:46:29','2016-10-03 14:49:05'),(8,2,4,5,5.5,'2016-10-03 14:46:29','2016-10-03 14:49:05'),(10,3,2,6,9,'2016-10-03 14:49:32','2016-10-03 14:51:41'),(11,3,3,9.25,3.75,'2016-10-03 14:49:32','2016-10-03 14:51:41'),(12,3,4,4.75,5,'2016-10-03 14:49:32','2016-10-03 14:51:41'),(14,4,2,10,8,'2016-10-03 14:53:08','2016-10-03 14:55:01'),(15,4,3,8,0,'2016-10-03 14:53:08','2016-10-03 14:53:22'),(16,4,4,5,1.5,'2016-10-03 14:53:08','2016-10-03 14:55:01'),(18,5,2,8.5,13,'2016-10-03 14:55:30','2016-10-03 14:58:30'),(19,5,3,12,10.5,'2016-10-03 14:55:30','2016-10-03 14:58:30'),(20,5,4,6,4,'2016-10-03 14:55:30','2016-10-03 14:58:30'),(22,6,2,15.25,9.75,'2016-10-03 15:00:03','2016-10-03 15:01:15'),(23,6,3,8.5,4.5,'2016-10-03 15:00:03','2016-10-03 15:01:15'),(24,6,4,8.5,4,'2016-10-03 15:00:03','2016-10-03 15:01:15'),(26,7,2,0,0,'2016-10-03 15:01:54','2016-10-03 15:01:54'),(27,7,3,0,0,'2016-10-03 15:01:54','2016-10-03 15:01:54'),(28,7,4,0,0,'2016-10-03 15:01:54','2016-10-03 15:01:54'),(30,8,2,11,11.5,'2016-10-03 15:02:39','2016-10-03 15:03:33'),(32,8,4,6,2,'2016-10-03 15:02:39','2016-10-03 15:03:33'),(34,9,2,11.5,10.5,'2016-10-03 15:04:10','2016-10-03 15:06:27'),(36,9,4,6.5,10,'2016-10-03 15:04:10','2016-10-03 15:06:27'),(38,10,2,11,9.5,'2016-10-03 15:06:53','2016-10-03 15:07:48'),(40,10,4,7,5,'2016-10-03 15:06:53','2016-10-03 15:07:48'),(42,11,2,16.25,16.75,'2016-10-03 15:08:35','2016-10-03 15:09:31'),(44,11,4,6.25,7.25,'2016-10-03 15:08:35','2016-10-03 15:09:31'),(46,12,2,10,13,'2016-10-03 15:09:48','2016-10-03 15:10:44'),(48,12,4,0,2,'2016-10-03 15:09:48','2016-10-03 15:10:44'),(50,13,2,17.5,18,'2016-10-04 15:11:46','2016-10-04 15:13:02'),(52,13,4,7.5,8,'2016-10-04 15:11:46','2016-10-04 15:13:02'),(54,14,2,0,0,'2016-10-04 15:13:40','2016-10-04 15:13:40'),(56,14,4,0,5.75,'2016-10-04 15:13:40','2016-10-04 15:14:29'),(58,15,2,5,5,'2016-10-04 15:14:48','2016-10-04 15:15:30'),(62,16,2,9.75,9.75,'2016-10-04 15:15:49','2016-10-04 15:17:21'),(64,16,4,4.5,6,'2016-10-04 15:15:49','2016-10-04 15:17:21'),(65,17,1,4,4.5,'2016-10-04 15:17:58','2016-10-04 17:39:08'),(66,17,2,10.5,8.5,'2016-10-04 15:17:58','2016-10-04 17:39:08'),(67,17,3,6.75,2,'2016-10-04 15:17:58','2016-10-04 17:39:08'),(68,17,4,9,2.75,'2016-10-04 15:17:58','2016-10-04 17:39:08'),(69,18,5,12,6.75,'2016-10-04 15:27:56','2016-10-04 15:29:36'),(70,18,6,12,8,'2016-10-04 15:27:56','2016-10-04 15:29:36'),(72,19,5,18.5,17.75,'2016-10-04 15:31:10','2016-10-04 15:42:24'),(73,19,6,10,10,'2016-10-04 15:31:10','2016-10-04 15:42:24'),(75,19,8,8.5,6,'2016-10-04 15:41:05','2016-10-04 15:42:24'),(76,20,5,22.5,13,'2016-10-04 15:43:23','2016-10-04 15:46:58'),(77,20,6,8,10,'2016-10-04 15:43:23','2016-10-04 15:46:58'),(79,20,8,1,4,'2016-10-04 15:45:17','2016-10-04 15:46:58'),(80,21,5,9,14.5,'2016-10-04 15:47:34','2016-10-04 15:49:39'),(81,21,6,9,10.5,'2016-10-04 15:47:34','2016-10-04 15:49:39'),(83,22,5,7,8,'2016-10-04 15:51:13','2016-10-04 15:53:02'),(84,22,6,7.5,6.5,'2016-10-04 15:51:13','2016-10-04 15:53:02'),(86,22,8,2,2,'2016-10-04 15:51:30','2016-10-04 15:53:02'),(87,23,5,9,4.5,'2016-10-04 15:53:37','2016-10-04 15:55:28'),(88,23,6,7,7,'2016-10-04 15:53:37','2016-10-04 15:55:28'),(90,24,5,10.5,7.5,'2016-10-04 15:56:43','2016-10-04 15:58:26'),(91,24,6,6.5,3.5,'2016-10-04 15:56:43','2016-10-04 15:58:26'),(93,25,5,12,9.5,'2016-10-04 15:59:40','2016-10-04 16:01:30'),(94,25,6,13,7.5,'2016-10-04 15:59:40','2016-10-04 16:01:30'),(96,26,5,9.5,11,'2016-10-04 16:01:54','2016-10-04 16:03:37'),(97,26,6,10,11,'2016-10-04 16:01:54','2016-10-04 16:03:37'),(99,27,5,19,22,'2016-10-04 16:04:33','2016-10-04 16:06:04'),(100,27,6,19,24,'2016-10-04 16:04:33','2016-10-04 16:06:04'),(102,28,5,3.25,3.75,'2016-10-04 16:06:33','2016-10-04 16:08:35'),(103,28,6,7,6.75,'2016-10-04 16:06:33','2016-10-04 16:08:35'),(105,28,4,0,0.5,'2016-10-04 16:06:46','2016-10-04 16:08:35'),(106,29,5,8.5,13,'2016-10-04 16:08:54','2016-10-04 16:11:11'),(107,29,6,23,13.25,'2016-10-04 16:08:54','2016-10-04 16:11:11'),(109,29,4,5,0,'2016-10-04 16:09:46','2016-10-04 16:10:19'),(110,29,3,2,0,'2016-10-04 16:09:54','2016-10-04 16:10:19'),(111,30,5,8.5,5.5,'2016-10-04 16:11:26','2016-10-04 16:13:26'),(112,30,6,14,14,'2016-10-04 16:11:26','2016-10-04 16:13:26'),(114,30,4,2.5,2.5,'2016-10-04 16:11:36','2016-10-04 16:13:26'),(115,31,5,7.75,13.75,'2016-10-04 16:13:49','2016-10-04 16:15:53'),(116,31,6,9.75,14.75,'2016-10-04 16:13:49','2016-10-04 16:15:53'),(117,31,7,2,1.5,'2016-10-04 16:13:49','2016-10-04 16:15:53'),(118,31,2,0,2,'2016-10-04 16:13:58','2016-10-04 16:15:53'),(119,32,5,8,8,'2016-10-04 16:16:14','2016-10-04 16:17:46'),(120,32,6,9,11.5,'2016-10-04 16:16:14','2016-10-04 16:17:46'),(121,32,7,5.5,7.25,'2016-10-04 16:16:14','2016-10-04 16:17:46'),(122,33,5,4,6,'2016-10-17 13:44:38','2016-10-24 17:41:45'),(123,33,6,4,4,'2016-10-17 13:44:38','2016-10-24 17:41:45'),(124,33,7,1.5,4,'2016-10-17 13:44:38','2016-10-24 17:41:45'),(125,34,1,5.5,5.5,'2016-10-19 13:01:52','2016-10-28 17:01:48'),(126,34,2,13,13,'2016-10-19 13:01:52','2016-10-28 17:01:48'),(127,34,3,8,5,'2016-10-19 13:01:52','2016-10-28 17:01:48'),(128,34,4,7,8.5,'2016-10-19 13:01:52','2016-10-28 17:01:48'),(129,35,1,5.5,3.5,'2016-10-31 13:42:02','2016-11-16 17:58:20'),(130,35,2,8,11.75,'2016-10-31 13:42:02','2016-11-16 17:58:21'),(131,35,3,7.5,8.5,'2016-10-31 13:42:02','2016-11-16 17:58:21'),(132,35,4,8,9.5,'2016-10-31 13:42:02','2016-11-16 17:58:21'),(133,36,5,13.5,9.5,'2016-10-31 17:47:20','2016-11-07 16:03:08'),(135,36,7,8,3.5,'2016-10-31 17:47:20','2016-11-07 16:03:08'),(136,36,6,0,1,'2016-11-07 15:32:34','2016-11-07 16:03:08'),(137,37,5,15.5,16,'2016-11-07 20:46:32','2016-11-21 17:21:30'),(138,37,6,8,9,'2016-11-07 20:46:32','2016-11-21 17:21:30'),(139,37,7,5.5,8,'2016-11-07 20:46:32','2016-11-21 17:21:30'),(140,38,1,6.5,3,'2016-11-16 18:02:33','2016-11-28 12:29:15'),(141,38,2,6.25,8.75,'2016-11-16 18:02:33','2016-11-28 12:29:15'),(142,38,3,6.5,6.5,'2016-11-16 18:02:33','2016-11-28 12:29:15'),(143,38,4,5,6,'2016-11-16 18:02:33','2016-11-28 12:29:15'),(144,39,5,6.5,8,'2016-11-21 17:22:02','2016-12-05 13:55:28'),(145,39,6,8,10.5,'2016-11-21 17:22:02','2016-12-05 13:55:28'),(146,39,7,6.25,8.75,'2016-11-21 17:22:02','2016-12-05 13:55:28'),(147,40,1,6.25,7.75,'2016-11-29 20:10:53','2016-12-14 20:42:49'),(148,40,2,9.75,10.75,'2016-11-29 20:10:54','2016-12-14 20:42:49'),(149,40,3,7.75,9.25,'2016-11-29 20:10:54','2016-12-14 20:42:49'),(150,40,4,7.75,6.25,'2016-11-29 20:10:54','2016-12-14 20:42:49'),(151,41,5,6,7.5,'2016-12-09 16:14:03','2016-12-19 18:40:32'),(152,41,6,7,7,'2016-12-09 16:14:03','2016-12-19 18:40:32'),(153,41,7,5.5,4.5,'2016-12-09 16:14:03','2016-12-19 18:40:32'),(154,42,1,5,5,'2016-12-14 20:43:21','2016-12-27 18:58:24'),(155,42,2,10.5,11.5,'2016-12-14 20:43:21','2016-12-27 18:58:24'),(156,42,3,9,9,'2016-12-14 20:43:21','2016-12-27 18:58:24'),(157,42,4,5.75,6.25,'2016-12-14 20:43:21','2016-12-27 18:58:24'),(158,43,5,4.5,7,'2016-12-20 18:29:58','2017-01-02 17:32:06'),(160,43,7,2.5,3.5,'2016-12-20 18:29:58','2017-01-02 17:32:06'),(161,43,11,2.5,2,'2016-12-20 18:43:06','2017-01-02 17:32:06'),(162,44,5,7.5,6.5,'2017-01-04 18:42:24','2017-01-16 15:39:40'),(164,44,7,5.5,6,'2017-01-04 18:42:24','2017-01-16 15:39:40'),(165,44,11,3.5,3,'2017-01-04 18:42:24','2017-01-16 15:39:40'),(166,44,12,3,3,'2017-01-04 19:02:27','2017-01-16 15:39:40'),(167,44,13,1,1.5,'2017-01-05 15:09:01','2017-01-16 15:39:40'),(168,45,1,6.5,1.5,'2017-01-10 18:49:16','2017-01-13 17:37:04'),(169,45,2,5,6,'2017-01-10 18:49:16','2017-01-13 17:37:04'),(170,45,3,6.5,5.5,'2017-01-10 18:49:16','2017-01-13 17:37:04'),(171,45,4,8,5,'2017-01-10 18:49:16','2017-01-13 17:37:04'),(172,46,5,4,5,'2017-01-18 21:22:14','2017-01-30 16:48:48'),(173,46,7,6,7,'2017-01-18 21:22:14','2017-01-30 16:48:48'),(174,46,11,2,2.5,'2017-01-18 21:22:14','2017-01-30 16:48:48'),(175,46,13,4,5,'2017-01-19 13:22:38','2017-01-30 16:48:48'),(176,47,1,5.5,5.75,'2017-01-23 13:22:03','2017-02-02 10:42:35'),(177,47,2,11.75,9.75,'2017-01-23 13:22:03','2017-02-02 10:42:35'),(178,47,3,8,4.5,'2017-01-23 13:22:03','2017-02-02 10:42:35'),(179,47,4,4,4,'2017-01-23 13:22:03','2017-02-02 10:42:35'),(180,48,14,3.25,4.25,'2017-01-26 16:22:33','2017-02-06 17:17:51'),(181,49,5,7.5,7,'2017-01-31 18:08:58','2017-02-20 16:06:34'),(182,49,7,6,3,'2017-01-31 18:08:58','2017-02-20 16:06:34'),(183,49,11,4.5,2,'2017-01-31 18:08:58','2017-02-20 16:06:34'),(184,49,13,4.5,2.5,'2017-01-31 18:12:38','2017-02-20 16:06:34'),(185,50,1,8,9.5,'2017-02-02 10:43:54','2017-02-14 12:20:35'),(186,50,2,13,9.5,'2017-02-02 10:43:54','2017-02-14 12:20:35'),(187,50,3,9.5,10.5,'2017-02-02 10:43:54','2017-02-14 12:20:35'),(188,50,4,0,3,'2017-02-02 10:43:54','2017-02-14 12:20:35'),(189,51,14,0,0,'2017-02-08 12:41:27','2017-02-08 12:41:27'),(190,52,14,3.5,3.5,'2017-02-09 11:29:39','2017-02-15 12:53:05'),(191,52,15,3,2,'2017-02-09 11:31:52','2017-02-15 12:53:05'),(192,53,14,4.5,2.75,'2017-02-15 14:12:18','2017-03-06 18:12:51'),(193,53,15,5,4.25,'2017-02-15 14:12:18','2017-03-06 18:12:51'),(194,54,5,4.5,3.5,'2017-02-20 18:15:13','2017-03-06 18:24:46'),(195,54,7,6.5,4.5,'2017-02-20 18:15:13','2017-03-06 18:24:46'),(196,54,11,5.5,5,'2017-02-20 18:15:13','2017-03-06 18:24:46'),(197,54,13,4,2.5,'2017-02-20 18:15:13','2017-03-06 18:24:46'),(198,55,1,4,4,'2017-03-03 18:03:16','2017-03-06 18:57:38'),(199,55,2,8,9.25,'2017-03-03 18:03:17','2017-03-06 18:57:38'),(200,55,3,4,4,'2017-03-03 18:03:17','2017-03-06 18:57:38'),(201,55,4,3.75,3.5,'2017-03-03 18:03:17','2017-03-06 18:57:38'),(202,56,5,7.5,7.5,'2017-03-06 21:14:48','2017-03-24 18:45:57'),(203,56,7,5,5.5,'2017-03-06 21:14:48','2017-03-24 18:45:57'),(204,56,11,4.5,3.5,'2017-03-06 21:14:48','2017-03-24 18:45:57'),(205,56,13,3.5,2.5,'2017-03-06 21:14:48','2017-03-24 18:45:57'),(206,57,1,8,6.75,'2017-03-14 17:24:23','2017-03-24 14:10:19'),(207,57,2,8,10,'2017-03-14 17:24:23','2017-03-24 14:10:20'),(209,57,4,2.5,2.5,'2017-03-14 17:24:23','2017-03-24 14:10:20'),(210,57,13,3.25,1.25,'2017-03-15 18:27:35','2017-03-24 14:10:20'),(211,57,14,2,6.5,'2017-03-15 18:27:45','2017-03-24 14:10:20'),(212,57,15,2,2,'2017-03-15 18:27:51','2017-03-24 14:10:20'),(213,58,1,6.5,7.5,'2017-03-29 14:42:16','2017-04-07 18:05:24'),(214,58,2,5.5,9.5,'2017-03-29 14:42:16','2017-04-07 18:05:24'),(217,58,15,3.75,3.75,'2017-03-29 14:59:58','2017-04-07 18:05:24'),(218,58,14,7.75,8.75,'2017-03-29 15:00:10','2017-04-07 18:05:24'),(219,58,13,4,7,'2017-03-29 15:00:17','2017-04-07 18:05:24'),(220,59,5,5,5,'2017-03-30 17:17:44','2017-04-07 18:56:24'),(221,59,7,7,5.5,'2017-03-30 17:17:44','2017-04-07 18:56:24'),(222,59,11,3.5,3.5,'2017-03-30 17:17:44','2017-04-07 18:56:24'),(224,59,4,6,6,'2017-03-30 17:19:48','2017-04-07 18:56:24'),(225,60,1,3,3.25,'2017-04-10 15:55:14','2017-04-24 18:41:56'),(226,60,2,2.5,8,'2017-04-10 15:55:14','2017-04-24 18:41:56'),(227,60,13,2,8,'2017-04-10 15:55:14','2017-04-24 18:41:56'),(228,60,14,4,6,'2017-04-10 15:55:14','2017-04-24 18:41:56'),(229,60,15,1.75,3.25,'2017-04-10 15:55:14','2017-04-24 18:41:56'),(230,61,4,2,5.5,'2017-04-11 13:18:02','2017-04-24 14:01:03'),(231,61,5,3,3.5,'2017-04-11 13:18:02','2017-04-24 14:01:03'),(232,61,7,6,3,'2017-04-11 13:18:02','2017-04-24 14:01:03'),(233,61,11,2,3,'2017-04-11 13:18:02','2017-04-24 14:01:03'),(234,61,13,1,0,'2017-04-11 13:24:26','2017-04-11 13:24:36'),(235,62,1,6,7.5,'2017-04-26 17:17:32','2017-05-08 18:36:02'),(236,62,2,8,7,'2017-04-26 17:17:32','2017-05-08 18:36:03'),(237,62,13,8,10.75,'2017-04-26 17:17:32','2017-05-08 18:36:03'),(238,62,14,8,12.25,'2017-04-26 17:17:32','2017-05-08 18:36:03'),(239,62,15,3.5,5.25,'2017-04-26 17:17:32','2017-05-08 18:36:03'),(240,63,4,3,3,'2017-05-04 14:07:11','2017-05-04 14:50:26'),(241,63,5,1,1,'2017-05-04 14:07:11','2017-05-04 14:50:26'),(242,63,7,2.5,2.5,'2017-05-04 14:07:11','2017-05-04 14:50:26'),(243,63,11,2.5,2.5,'2017-05-04 14:07:11','2017-05-04 14:50:26'),(244,62,7,0,2,'2017-05-08 13:08:41','2017-05-08 18:36:03'),(245,62,4,0,3,'2017-05-08 13:08:47','2017-05-08 18:36:03'),(246,62,11,0,1.5,'2017-05-08 13:08:54','2017-05-08 18:36:03'),(247,64,4,3,3,'2017-05-10 16:54:46','2017-05-17 19:58:33'),(248,64,5,3.5,6.5,'2017-05-10 16:54:46','2017-05-19 22:36:41'),(249,64,7,3.5,2.5,'2017-05-10 16:54:46','2017-05-17 19:58:33'),(250,64,11,2,2.5,'2017-05-10 16:54:46','2017-05-17 19:58:33'),(251,65,1,7,6.25,'2017-05-11 16:18:22','2017-05-23 22:28:19'),(252,65,2,5,8.5,'2017-05-11 16:18:22','2017-05-23 22:28:19'),(253,65,13,8,7.5,'2017-05-11 16:18:22','2017-05-23 22:28:19'),(254,65,14,9,5.75,'2017-05-11 16:18:22','2017-05-23 22:28:19'),(255,65,15,4.5,4,'2017-05-11 16:18:22','2017-05-23 22:28:19'),(256,66,4,3,3,'2017-05-19 23:29:36','2017-06-07 19:51:47'),(257,66,5,4,4.5,'2017-05-19 23:29:36','2017-06-07 19:51:47'),(258,66,7,4,1.5,'2017-05-19 23:29:36','2017-06-07 19:51:47'),(259,66,11,3,2,'2017-05-19 23:29:36','2017-06-07 19:51:47'),(260,67,4,3,3,'2017-05-19 23:35:06','2017-05-25 16:30:50'),(261,67,5,3,4,'2017-05-19 23:35:06','2017-05-25 16:30:50'),(262,67,7,6.5,6.5,'2017-05-19 23:35:06','2017-05-25 16:30:50'),(263,67,11,2.5,2.5,'2017-05-19 23:35:06','2017-05-25 16:30:50'),(264,68,1,5,4.5,'2017-05-24 16:11:34','2017-06-05 15:23:49'),(265,68,2,8,7,'2017-05-24 16:11:34','2017-06-05 15:23:49'),(266,68,13,7,4.75,'2017-05-24 16:11:34','2017-06-05 15:23:49'),(267,68,14,5.5,8.5,'2017-05-24 16:11:34','2017-06-05 15:23:49'),(268,68,15,3.5,5,'2017-05-24 16:11:34','2017-06-05 15:23:49'),(269,69,1,5,3.75,'2017-06-06 15:00:10','2017-06-19 18:51:45'),(270,69,2,8,6.75,'2017-06-06 15:00:10','2017-06-19 18:51:45'),(271,69,13,5.5,2,'2017-06-06 15:00:10','2017-06-19 18:51:45'),(272,69,14,2.5,4.5,'2017-06-06 15:00:10','2017-06-19 18:51:45'),(273,69,15,4,7,'2017-06-06 15:00:10','2017-06-19 18:51:45'),(274,70,4,3.5,3.5,'2017-06-13 20:44:39','2017-06-22 18:00:34'),(275,70,5,3.5,4,'2017-06-13 20:44:39','2017-06-22 17:53:25'),(276,70,7,5.5,6.5,'2017-06-13 20:44:39','2017-06-22 18:11:13'),(277,70,11,3,2.5,'2017-06-13 20:44:39','2017-06-22 17:51:13'),(278,71,1,5,5,'2017-06-23 14:52:52','2017-07-03 19:29:16'),(279,71,2,6,9,'2017-06-23 14:52:52','2017-07-03 19:29:16'),(280,71,13,4,1,'2017-06-23 14:52:52','2017-07-03 19:29:16'),(281,71,14,6,10.25,'2017-06-23 14:52:52','2017-07-03 19:29:16'),(282,71,15,4,6.75,'2017-06-23 14:52:52','2017-07-03 19:29:16'),(283,72,4,5,3.5,'2017-06-26 21:32:43','2017-07-10 21:06:55'),(284,72,5,8,9,'2017-06-26 21:32:43','2017-07-10 21:06:55'),(285,72,7,5.5,3,'2017-06-26 21:32:43','2017-07-10 21:06:55'),(286,72,11,4.5,2.5,'2017-06-26 21:32:43','2017-07-10 21:06:55'),(287,73,1,7,3.5,'2017-07-06 18:16:39','2017-07-18 14:11:53'),(288,73,2,10,7,'2017-07-06 18:16:39','2017-07-18 14:11:53'),(290,73,14,7,10,'2017-07-06 18:16:39','2017-07-18 14:11:53'),(291,73,15,5,5.75,'2017-07-06 18:16:39','2017-07-18 14:11:53'),(292,74,4,5,4.5,'2017-07-13 16:27:33','2017-07-21 20:26:35'),(293,74,5,4.5,6.5,'2017-07-13 16:27:33','2017-07-21 20:26:35'),(294,74,7,4.5,5,'2017-07-13 16:27:33','2017-07-21 20:26:35'),(295,74,11,4.5,3,'2017-07-13 16:27:33','2017-07-21 20:26:35'),(296,75,1,7,6.5,'2017-07-19 17:53:55','2017-07-31 20:36:56'),(297,75,2,7,6,'2017-07-19 17:53:55','2017-07-31 20:36:56'),(299,75,14,9,9.25,'2017-07-19 17:53:55','2017-07-31 20:36:56'),(300,75,15,5,5.25,'2017-07-19 17:53:55','2017-07-31 20:36:56'),(301,76,4,2,0,'2017-07-27 12:44:57','2017-07-27 12:49:24'),(302,76,5,1.5,1.5,'2017-07-27 12:44:57','2017-08-01 20:38:58'),(303,76,7,1.5,2,'2017-07-27 12:44:57','2017-08-01 20:38:58'),(304,76,11,1.5,1.5,'2017-07-27 12:44:57','2017-08-01 20:38:58'),(305,76,14,3,3,'2017-07-27 12:45:09','2017-08-01 20:38:58'),(306,77,1,7,5.25,'2017-08-03 16:12:54','2017-08-14 18:50:13'),(307,77,2,7,6.5,'2017-08-03 16:12:54','2017-08-14 18:50:13'),(309,77,14,9,8.25,'2017-08-03 16:12:54','2017-08-14 18:50:13'),(310,77,15,5.5,7.75,'2017-08-03 16:12:55','2017-08-14 18:50:13'),(311,78,4,5,4,'2017-08-07 17:50:58','2017-08-14 20:39:34'),(312,78,5,3.5,4,'2017-08-07 17:50:58','2017-08-14 20:39:34'),(313,78,7,2.5,2,'2017-08-07 17:50:58','2017-08-14 20:39:34'),(314,78,11,3,2,'2017-08-07 17:50:58','2017-08-14 20:39:34'),(315,79,1,4,5,'2017-08-14 20:08:05','2017-09-04 12:47:00'),(316,79,2,7,6.5,'2017-08-14 20:08:05','2017-09-04 12:47:01'),(318,79,14,9,6.25,'2017-08-14 20:08:05','2017-09-04 12:47:01'),(319,79,15,5,4,'2017-08-14 20:08:05','2017-09-04 12:47:01'),(320,80,4,0,6,'2017-08-22 14:02:45','2017-08-28 20:34:42'),(321,80,5,0,4,'2017-08-22 14:02:45','2017-08-28 20:34:42'),(323,80,11,0,5,'2017-08-22 14:02:45','2017-08-28 20:34:42'),(324,NULL,4,0,0,'2017-09-01 21:25:05','2017-09-01 21:25:05'),(325,NULL,5,0,0,'2017-09-01 21:25:05','2017-09-01 21:25:05'),(326,NULL,11,0,0,'2017-09-01 21:25:05','2017-09-01 21:25:05'),(327,81,4,0,4,'2017-09-01 21:25:21','2017-09-12 17:45:48'),(328,81,5,0,7,'2017-09-01 21:25:21','2017-09-12 17:45:48'),(329,81,11,0,3,'2017-09-01 21:25:21','2017-09-12 17:45:48'),(330,82,1,4.5,1.25,'2017-09-04 18:11:28','2017-09-11 19:00:12'),(331,82,2,6.5,5,'2017-09-04 18:11:28','2017-09-11 19:00:12'),(333,82,14,7,3,'2017-09-04 18:11:29','2017-09-11 19:00:12'),(334,82,15,6,7.75,'2017-09-04 18:11:29','2017-09-11 19:00:12'),(335,82,16,3.5,1.5,'2017-09-04 18:12:46','2017-09-11 19:00:12'),(336,83,1,4,0,'2017-09-12 17:51:39','2017-09-12 18:08:10'),(337,83,2,5,0,'2017-09-12 17:51:39','2017-09-12 18:07:30'),(339,83,14,0,0,'2017-09-12 17:51:39','2017-09-12 17:51:39'),(340,83,15,0,0,'2017-09-12 17:51:39','2017-09-12 17:51:39'),(341,83,16,3,0,'2017-09-12 17:51:39','2017-09-12 18:07:50');
/*!40000 ALTER TABLE `story_points` ENABLE KEYS */;
UNLOCK TABLES;

--
-- Table structure for table `users`
--

DROP TABLE IF EXISTS `users`;
/*!40101 SET @saved_cs_client     = @@character_set_client */;
/*!40101 SET character_set_client = utf8 */;
CREATE TABLE `users` (
  `id` int(11) NOT NULL AUTO_INCREMENT,
  `name` varchar(255) DEFAULT NULL,
  `created_at` datetime NOT NULL,
  `updated_at` datetime NOT NULL,
  `email` varchar(255) NOT NULL DEFAULT '',
  `encrypted_password` varchar(255) NOT NULL DEFAULT '',
  `reset_password_token` varchar(255) DEFAULT NULL,
  `reset_password_sent_at` datetime DEFAULT NULL,
  `remember_created_at` datetime DEFAULT NULL,
  `sign_in_count` int(11) NOT NULL DEFAULT '0',
  `current_sign_in_at` datetime DEFAULT NULL,
  `last_sign_in_at` datetime DEFAULT NULL,
  `current_sign_in_ip` varchar(255) DEFAULT NULL,
  `last_sign_in_ip` varchar(255) DEFAULT NULL,
  `squad_id` int(11) DEFAULT NULL,
  PRIMARY KEY (`id`),
  UNIQUE KEY `index_users_on_email` (`email`),
  UNIQUE KEY `index_users_on_reset_password_token` (`reset_password_token`),
  KEY `index_users_on_squad_id` (`squad_id`),
  CONSTRAINT `fk_rails_bd93b40327` FOREIGN KEY (`squad_id`) REFERENCES `squads` (`id`)
) ENGINE=InnoDB AUTO_INCREMENT=17 DEFAULT CHARSET=utf8;
/*!40101 SET character_set_client = @saved_cs_client */;

--
-- Dumping data for table `users`
--

LOCK TABLES `users` WRITE;
/*!40000 ALTER TABLE `users` DISABLE KEYS */;
INSERT INTO `users` VALUES (1,'Felipe Rosa','2016-09-30 15:15:06','2017-07-20 19:16:34','felipe.rosa@dito.com.br','$2a$11$OXtUYCx0HfbuDtogjz4NhO4OHvHiALU8KFwmoDIyJCnWlvmifWPtC','25a7cf9087d58f4e726c9b778b098e8376f1fc5be212818d62a260a11f814434','2016-11-09 20:53:53',NULL,40,'2017-07-20 19:16:34','2017-06-23 17:06:13','10.32.2.1','10.240.0.3',1),(2,'Diley','2016-10-03 14:32:50','2017-09-04 12:44:40','rodrigo.fontoura@dito.com.br','$2a$11$EOVTSa6dFxovwX0WbG8Iv./mEBduoxduiuoB8DIUCxYe7e8AQPgNG','c907864edcaf2ef512ac4ae593d106cb91bc0dc65bffcd3d19ab34615a7c81d8','2016-11-10 10:07:51','2016-11-21 17:02:18',34,'2017-09-04 12:44:40','2017-08-17 12:36:47','10.240.0.7','10.32.1.1',1),(3,'Jordan Lenon','2016-10-03 14:33:10','2017-03-30 17:34:50','jordan.lenon@dito.com.br','$2a$11$MnQqbWA8gU6y8kctDGZ7LOQ2v8MsVLagjA2IDGNhC3N.NpJc7CtY6',NULL,NULL,NULL,2,'2017-02-14 11:58:57','2016-12-23 18:13:10','10.240.0.4','10.176.0.1',5),(4,'Marcos Parreiras','2016-10-03 14:33:33','2017-09-12 17:33:56','marcos.parreiras@dito.com.br','$2a$11$KT3aaAv5gmr.4A2Cy8N3HOOMSUAJIaM/gYZj5mnIBamvkUFcHEPEu',NULL,NULL,'2016-12-20 12:38:10',51,'2017-09-12 17:33:56','2017-09-08 21:08:37','10.240.0.8','10.32.1.1',2),(5,'Arthur Bailão','2016-10-04 15:24:51','2017-09-12 17:25:59','arthur.bailao@dito.com.br','$2a$11$rOBrVDmh1aC7H2eZm.YUzuD0DyyuAa5x7wvA.P9HQjddyotOmrfku','998c21ac78fb325fc65fa312c610090cda941f5add645e2633cdfb24defec5a6','2016-11-28 23:36:41',NULL,31,'2017-09-12 17:25:59','2017-09-08 19:10:54','10.240.0.8','10.32.1.1',2),(6,'Victor Lellis','2016-10-04 15:25:19','2017-01-04 19:00:40','victor.lellis@dito.com.br','$2a$11$rk8/8XCS3nA1jSit55WjhO4AB8zYONzIgVLpsPX5H5nFd8DzNI3C.',NULL,NULL,NULL,4,'2016-12-05 13:58:13','2016-12-05 12:51:52','10.240.0.2','10.240.0.4',5),(7,'Allan Sene','2016-10-04 15:26:20','2017-08-28 21:00:39','allan.sene@dito.com.br','$2a$11$ZdStQQtC2cPzyQoVVwLMvu8jFuIqQosCh3cukNf4qsnKnNvSNzjAu','77e8ba336a103e0aa2676318035171dfa87de7950ba59ab091fc811baa0f6256','2017-07-18 16:43:28',NULL,36,'2017-07-21 18:03:13','2017-07-18 16:54:11','10.240.0.6','10.240.0.6',5),(8,'Marcos Nogueira','2016-10-04 15:39:36','2016-10-04 15:39:36','marcos.nogueira@dito.com.br','$2a$11$a/HOvaJXiBNchNiiIuSVnePaD29LMps4/rjTcmIiLSgbyK7ROtG6y',NULL,NULL,NULL,0,NULL,NULL,NULL,NULL,3),(9,'Bruno Andrade','2016-10-04 16:21:22','2017-08-16 20:44:58','bruno@dito.com.br','$2a$11$TYqc06hj0J8pnau5bxidBOyrB/mnfuQzDssoksbD4yF.XRcnuJkVK',NULL,NULL,'2017-04-17 13:49:22',28,'2017-08-16 20:44:58','2017-07-20 12:04:55','10.240.0.6','10.240.0.7',3),(10,'Andre Fonseca','2016-10-04 16:22:46','2016-10-04 16:22:46','andre@dito.com.br','$2a$11$kKwxhWJIyRZOErDx.SkJ1uX7vQ17Q8LP6n9Hl3Utku9Pu7nuW/MBK',NULL,NULL,NULL,0,NULL,NULL,NULL,NULL,3),(11,'Sérgio Silva','2016-12-20 18:38:19','2017-09-11 16:29:36','sergio.silva@dito.com.br','$2a$11$zLwj3UtotHi2DZage.iplOH6eDUHC2H6FxlcUM4yBBXJ4ekbRpI3i',NULL,NULL,'2017-05-25 15:34:28',43,'2017-09-11 16:29:36','2017-08-21 16:14:06','10.32.1.1','10.240.0.7',2),(12,'Paulo Bruce','2017-01-04 19:02:08','2017-01-04 19:02:08','paulo.bruce@dito.com.br','$2a$11$o4pFcIIpGxoNmEDmlo1/nOMQ9UjNwh./NNTsL3cgOC3y27FHg10vO',NULL,NULL,NULL,0,NULL,NULL,NULL,NULL,6),(13,'DePaula','2017-01-05 15:08:29','2017-03-30 17:30:47','bruno.dias@dito.com.br','$2a$11$9rzDc2WrUqo.MyumjS2RKuXlyXxohpkrnBTJwqrHNdJv2cAAagbwm',NULL,NULL,NULL,0,NULL,NULL,NULL,NULL,1),(14,'Tannus Esquerdo','2017-01-26 16:22:13','2017-08-18 14:48:40','tannus.esquerdo@dito.com.br','$2a$11$5A2ksP/Y/9eigIVYPcaCwu1ya37TG4rnCUeifciIGM59Wgwo8pxKu',NULL,NULL,NULL,4,'2017-08-18 14:48:40','2017-06-07 01:06:55','10.240.0.6','10.176.1.1',1),(15,'Ana Machado','2017-02-09 11:31:12','2017-09-11 14:30:00','ana.machado@dito.com.br','$2a$11$SeczoNnqkgkAx1lM4h/s3eUrOR1azXErgEZjcmUMVDNPnCO0kMtCy',NULL,NULL,NULL,2,'2017-09-11 14:30:00','2017-08-18 14:51:34','10.240.0.8','10.240.0.6',1),(16,'Eduardo Gonçalves','2017-09-04 18:12:34','2017-09-04 18:12:34','eduardo.goncalves@dito.com.br','$2a$11$06FlNSnNDORnaEXEIeSJd.9IRfHzN0m8mv/xCVKSUIZasd9x71xv.',NULL,NULL,NULL,0,NULL,NULL,NULL,NULL,1);
/*!40000 ALTER TABLE `users` ENABLE KEYS */;
UNLOCK TABLES;

--
-- Table structure for table `users_roles`
--

DROP TABLE IF EXISTS `users_roles`;
/*!40101 SET @saved_cs_client     = @@character_set_client */;
/*!40101 SET character_set_client = utf8 */;
CREATE TABLE `users_roles` (
  `user_id` int(11) DEFAULT NULL,
  `role_id` int(11) DEFAULT NULL,
  KEY `index_users_roles_on_user_id_and_role_id` (`user_id`,`role_id`)
) ENGINE=InnoDB DEFAULT CHARSET=utf8;
/*!40101 SET character_set_client = @saved_cs_client */;

--
-- Dumping data for table `users_roles`
--

LOCK TABLES `users_roles` WRITE;
/*!40000 ALTER TABLE `users_roles` DISABLE KEYS */;
INSERT INTO `users_roles` VALUES (1,1),(1,2),(1,3),(2,1),(2,2),(2,3),(3,1),(4,1),(4,3),(5,1),(5,2),(5,3),(6,1),(7,1),(7,2),(7,3),(8,3),(9,1),(9,3),(10,3),(11,1),(11,2),(12,1),(13,1),(14,1),(15,1),(16,1);
/*!40000 ALTER TABLE `users_roles` ENABLE KEYS */;
UNLOCK TABLES;
/*!40103 SET TIME_ZONE=@OLD_TIME_ZONE */;

/*!40101 SET SQL_MODE=@OLD_SQL_MODE */;
/*!40014 SET FOREIGN_KEY_CHECKS=@OLD_FOREIGN_KEY_CHECKS */;
/*!40014 SET UNIQUE_CHECKS=@OLD_UNIQUE_CHECKS */;
/*!40101 SET CHARACTER_SET_CLIENT=@OLD_CHARACTER_SET_CLIENT */;
/*!40101 SET CHARACTER_SET_RESULTS=@OLD_CHARACTER_SET_RESULTS */;
/*!40101 SET COLLATION_CONNECTION=@OLD_COLLATION_CONNECTION */;
/*!40111 SET SQL_NOTES=@OLD_SQL_NOTES */;

-- Dump completed on 2017-09-13 17:20:32
